{
	"parent": "block/block",
	"textures": {
		"0": "block/acacia_trapdoor",
		"particle": "block/acacia_trapdoor"
	},
	"elements": [
		{
			"from": [0, 13, 0],
			"to": [4, 16, 16],
			"faces": {
				"north": {"uv": [16, 12, 13, 16], "rotation": 270, "texture": "#0"},
				"east": {"uv": [11, 0, 10, 16], "rotation": 270, "texture": "#0"},
				"south": {"uv": [3, 8, 0, 13], "rotation": 270, "texture": "#0"},
				"west": {"uv": [3, 0, 0, 16], "rotation": 90, "texture": "#0"},
				"up": {"uv": [0, 16, 4, 0], "texture": "#0"},
				"down": {"uv": [4, 16, 0, 0], "rotation": 180, "texture": "#0"}
			}
		},
		{
			"from": [12, 13, 0],
			"to": [16, 16, 16],
			"faces": {
				"north": {"uv": [16, 0, 13, 4], "rotation": 270, "texture": "#0"},
				"east": {"uv": [3, 0, 0, 16], "rotation": 270, "texture": "#0"},
				"south": {"uv": [3, 3, 0, 8], "rotation": 270, "texture": "#0"},
				"west": {"uv": [11, 0, 10, 16], "rotation": 90, "texture": "#0"},
				"up": {"uv": [12, 16, 16, 0], "texture": "#0"},
				"down": {"uv": [16, 16, 12, 0], "rotation": 180, "texture": "#0"}
			}
		},
		{
			"from": [4, 13, 0],
			"to": [12, 16, 4],
			"faces": {
				"north": {"uv": [3, 6, 0, 10], "rotation": 270, "texture": "#0"},
				"east": {"uv": [3, 0, 0, 1], "rotation": 270, "texture": "#missing"},
				"south": {"uv": [5, 12, 6, 11], "texture": "#0"},
				"west": {"uv": [3, 0, 0, 1], "rotation": 90, "texture": "#missing"},
				"up": {"uv": [4, 16, 12, 12], "texture": "#0"},
				"down": {"uv": [12, 16, 4, 12], "rotation": 180, "texture": "#0"}
			}
		},
		{
			"from": [4, 13, 12],
			"to": [12, 16, 16],
			"faces": {
				"north": {"uv": [10, 6, 11, 5], "texture": "#0"},
				"east": {"uv": [3, 0, 0, 1], "rotation": 270, "texture": "#missing"},
				"south": {"uv": [3, 6, 0, 12], "rotation": 270, "texture": "#0"},
				"west": {"uv": [3, 0, 0, 1], "rotation": 90, "texture": "#missing"},
				"up": {"uv": [4, 4, 12, 0], "texture": "#0"},
				"down": {"uv": [12, 4, 4, 0], "rotation": 180, "texture": "#0"}
			}
		},
		{
			"from": [4, 13, 4],
			"to": [5, 16, 7],
			"faces": {
				"north": {"uv": [3, 0, 0, 1], "rotation": 270, "texture": "#missing"},
				"east": {"uv": [12, 9, 11, 10], "rotation": 270, "texture": "#0"},
				"south": {"uv": [12, 9, 11, 10], "rotation": 270, "texture": "#0"},
				"west": {"uv": [3, 0, 0, 3], "rotation": 90, "texture": "#missing"},
				"up": {"uv": [4, 12, 5, 9], "texture": "#0"},
				"down": {"uv": [11, 12, 12, 9], "rotation": 180, "texture": "#0"}
			}
		},
		{
			"from": [4, 13, 9],
			"to": [5, 16, 12],
			"faces": {
				"north": {"uv": [5, 6, 4, 7], "rotation": 270, "texture": "#0"},
				"east": {"uv": [11, 5, 10, 6], "rotation": 270, "texture": "#0"},
				"south": {"uv": [3, 0, 0, 1], "rotation": 270, "texture": "#missing"},
				"west": {"uv": [3, 0, 0, 3], "rotation": 90, "texture": "#missing"},
				"up": {"uv": [4, 7, 5, 4], "texture": "#0"},
				"down": {"uv": [4, 7, 5, 4], "rotation": 180, "texture": "#0"}
			}
		},
		{
			"from": [11, 13, 9],
			"to": [12, 16, 12],
			"faces": {
				"north": {"uv": [12, 6, 11, 7], "rotation": 270, "texture": "#0"},
				"east": {"uv": [3, 0, 0, 3], "rotation": 270, "texture": "#missing"},
				"south": {"uv": [3, 0, 0, 1], "rotation": 270, "texture": "#missing"},
				"west": {"uv": [12, 6, 11, 7], "rotation": 90, "texture": "#0"},
				"up": {"uv": [11, 7, 12, 4], "texture": "#0"},
				"down": {"uv": [11, 7, 12, 4], "rotation": 180, "texture": "#0"}
			}
		},
		{
			"from": [11, 13, 4],
			"to": [12, 16, 7],
			"faces": {
				"north": {"uv": [3, 0, 0, 1], "rotation": 270, "texture": "#missing"},
				"east": {"uv": [3, 0, 0, 3], "rotation": 270, "texture": "#missing"},
				"south": {"uv": [5, 9, 4, 10], "rotation": 270, "texture": "#0"},
				"west": {"uv": [5, 9, 4, 12], "rotation": 90, "texture": "#0"},
				"up": {"uv": [11, 12, 12, 9], "texture": "#0"},
				"down": {"uv": [4, 12, 5, 9], "rotation": 180, "texture": "#0"}
			}
		},
		{
			"from": [5, 13, 4],
			"to": [7, 16, 5],
			"faces": {
				"north": {"uv": [3, 0, 0, 2], "rotation": 270, "texture": "#missing"},
				"east": {"uv": [11, 11, 9, 12], "rotation": 270, "texture": "#0"},
				"south": {"uv": [11, 11, 9, 12], "rotation": 270, "texture": "#0"},
				"west": {"uv": [3, 0, 0, 1], "rotation": 90, "texture": "#missing"},
				"up": {"uv": [5, 12, 7, 11], "texture": "#0"},
				"down": {"uv": [5, 12, 7, 11], "rotation": 180, "texture": "#0"}
			}
		},
		{
			"from": [9, 13, 4],
			"to": [11, 16, 5],
			"faces": {
				"north": {"uv": [3, 0, 0, 2], "rotation": 270, "texture": "#missing"},
				"east": {"uv": [3, 0, 0, 1], "rotation": 270, "texture": "#missing"},
				"south": {"uv": [11, 11, 9, 12], "rotation": 270, "texture": "#0"},
				"west": {"uv": [11, 11, 9, 12], "rotation": 90, "texture": "#0"},
				"up": {"uv": [9, 12, 11, 11], "texture": "#0"},
				"down": {"uv": [9, 12, 11, 11], "rotation": 180, "texture": "#0"}
			}
		},
		{
			"from": [9, 13, 11],
			"to": [11, 16, 12],
			"faces": {
				"north": {"uv": [6, 4, 5, 5], "rotation": 270, "texture": "#0"},
				"east": {"uv": [3, 0, 0, 1], "rotation": 270, "texture": "#missing"},
				"south": {"uv": [3, 0, 0, 2], "rotation": 270, "texture": "#missing"},
				"west": {"uv": [6, 4, 5, 5], "rotation": 90, "texture": "#0"},
				"up": {"uv": [9, 5, 11, 4], "texture": "#0"},
				"down": {"uv": [11, 5, 9, 4], "rotation": 180, "texture": "#0"}
			}
		},
		{
			"from": [5, 13, 11],
			"to": [7, 16, 12],
			"faces": {
				"north": {"uv": [9, 4, 8, 5], "rotation": 270, "texture": "#0"},
				"east": {"uv": [9, 4, 8, 5], "rotation": 270, "texture": "#0"},
				"south": {"uv": [3, 0, 0, 2], "rotation": 270, "texture": "#missing"},
				"west": {"uv": [3, 0, 0, 1], "rotation": 90, "texture": "#missing"},
				"up": {"uv": [5, 5, 7, 4], "texture": "#0"},
				"down": {"uv": [7, 5, 5, 4], "rotation": 180, "texture": "#0"}
			}
		},
		{
			"from": [8.5, 14, 4],
			"to": [9.5, 15, 12],
			"faces": {
				"north": {"uv": [1, 0, 0, 1], "rotation": 270, "texture": "#missing"},
				"east": {"uv": [9, 4, 8, 12], "rotation": 270, "texture": "#0"},
				"south": {"uv": [1, 0, 0, 1], "rotation": 270, "texture": "#missing"},
				"west": {"uv": [9, 4, 8, 12], "rotation": 90, "texture": "#0"},
				"up": {"uv": [8, 12, 9, 4], "texture": "#0"},
				"down": {"uv": [8, 12, 9, 4], "rotation": 180, "texture": "#0"}
			}
		},
		{
			"from": [6.5, 14, 4],
			"to": [7.5, 15, 12],
			"faces": {
				"north": {"uv": [1, 0, 0, 1], "rotation": 270, "texture": "#missing"},
				"east": {"uv": [9, 12, 8, 4], "rotation": 270, "texture": "#0"},
				"south": {"uv": [1, 0, 0, 1], "rotation": 270, "texture": "#missing"},
				"west": {"uv": [9, 12, 8, 4], "rotation": 90, "texture": "#0"},
				"up": {"uv": [8, 4, 9, 12], "texture": "#0"},
				"down": {"uv": [8, 4, 9, 12], "rotation": 180, "texture": "#0"}
			}
		},
		{
			"from": [10.5, 14, 5],
			"to": [11.5, 15, 11],
			"faces": {
				"north": {"uv": [1, 0, 0, 1], "rotation": 270, "texture": "#missing"},
				"east": {"uv": [7, 5, 6, 11], "rotation": 270, "texture": "#0"},
				"south": {"uv": [1, 0, 0, 1], "rotation": 270, "texture": "#missing"},
				"west": {"uv": [7, 5, 6, 11], "rotation": 90, "texture": "#0"},
				"up": {"uv": [6, 11, 7, 5], "texture": "#0"},
				"down": {"uv": [6, 11, 7, 5], "rotation": 180, "texture": "#0"}
			}
		},
		{
			"from": [4.5, 14, 5],
			"to": [5.5, 15, 11],
			"faces": {
				"north": {"uv": [1, 0, 0, 1], "rotation": 270, "texture": "#missing"},
				"east": {"uv": [11, 5, 10, 11], "rotation": 270, "texture": "#0"},
				"south": {"uv": [1, 0, 0, 1], "rotation": 270, "texture": "#missing"},
				"west": {"uv": [11, 5, 10, 11], "rotation": 90, "texture": "#0"},
				"up": {"uv": [10, 11, 11, 5], "texture": "#0"},
				"down": {"uv": [10, 11, 11, 5], "rotation": 180, "texture": "#0"}
			}
		}
	]
}