{
	"credit": "Made with Blockbench",
	"textures": {
		"0": "block/acacia_door_top",
		"particle": "block/acacia_door_top"
	},
	"elements": [
		{
			"from": [0, 0, 0],
			"to": [3, 16, 4],
			"faces": {
				"north": {"uv": [0, 0, 3, 16], "texture": "#0"},
				"east": {"uv": [4, 0, 0, 16], "texture": "#0"},
				"south": {"uv": [10, 0, 11, 16], "texture": "#0"},
				"west": {"uv": [0, 0, 4, 16], "texture": "#0"},
				"up": {"uv": [0, 8, 3, 13], "texture": "#0"},
				"down": {"uv": [13, 5, 16, 11], "texture": "#0"}
			}
		},
		{
			"from": [0, 0, 12],
			"to": [3, 16, 16],
			"faces": {
				"north": {"uv": [10, 0, 11, 16], "texture": "#0"},
				"east": {"uv": [16, 0, 12, 16], "texture": "#0"},
				"south": {"uv": [0, 0, 3, 16], "texture": "#0"},
				"west": {"uv": [12, 0, 16, 16], "texture": "#0"},
				"up": {"uv": [0, 3, 3, 8], "texture": "#0"},
				"down": {"uv": [0, 5, 3, 13], "texture": "#0"}
			}
		},
		{
			"from": [0, 0, 4],
			"to": [3, 4, 12],
			"faces": {
				"north": {"uv": [0, 0, 3, 1], "texture": "#missing"},
				"east": {"uv": [12, 12, 4, 16], "texture": "#0"},
				"south": {"uv": [0, 0, 3, 1], "texture": "#missing"},
				"west": {"uv": [4, 12, 12, 16], "texture": "#0"},
				"up": {"uv": [5, 11, 6, 12], "rotation": 90, "texture": "#0"},
				"down": {"uv": [0, 6, 3, 10], "texture": "#0"}
			}
		},
		{
			"from": [0, 12, 4],
			"to": [3, 16, 12],
			"faces": {
				"north": {"uv": [0, 0, 3, 1], "texture": "#missing"},
				"east": {"uv": [12, 0, 4, 4], "texture": "#0"},
				"south": {"uv": [0, 0, 3, 1], "texture": "#missing"},
				"west": {"uv": [4, 0, 12, 4], "texture": "#0"},
				"up": {"uv": [0, 6, 3, 12], "texture": "#0"},
				"down": {"uv": [10, 5, 11, 6], "rotation": 90, "texture": "#0"}
			}
		},
		{
			"from": [0, 4, 4],
			"to": [3, 7, 5],
			"faces": {
				"north": {"uv": [0, 0, 3, 3], "texture": "#missing"},
				"east": {"uv": [11, 9, 12, 12], "texture": "#0"},
				"south": {"uv": [11, 9, 12, 10], "texture": "#0"},
				"west": {"uv": [4, 9, 5, 12], "texture": "#0"},
				"up": {"uv": [11, 9, 12, 10], "texture": "#0"},
				"down": {"uv": [0, 0, 3, 1], "texture": "#missing"}
			}
		},
		{
			"from": [0, 9, 4],
			"to": [3, 12, 5],
			"faces": {
				"north": {"uv": [0, 0, 3, 3], "texture": "#missing"},
				"east": {"uv": [4, 4, 5, 7], "texture": "#0"},
				"south": {"uv": [10, 5, 11, 6], "texture": "#0"},
				"west": {"uv": [4, 4, 5, 7], "texture": "#0"},
				"up": {"uv": [0, 0, 3, 1], "texture": "#missing"},
				"down": {"uv": [4, 6, 5, 7], "texture": "#0"}
			}
		},
		{
			"from": [0, 9, 11],
			"to": [3, 12, 12],
			"faces": {
				"north": {"uv": [11, 6, 12, 7], "texture": "#0"},
				"east": {"uv": [11, 4, 12, 7], "texture": "#0"},
				"south": {"uv": [0, 0, 3, 3], "texture": "#missing"},
				"west": {"uv": [11, 4, 12, 7], "texture": "#0"},
				"up": {"uv": [0, 0, 3, 1], "texture": "#missing"},
				"down": {"uv": [11, 6, 12, 7], "texture": "#0"}
			}
		},
		{
			"from": [0, 4, 11],
			"to": [3, 7, 12],
			"faces": {
				"north": {"uv": [4, 9, 5, 12], "texture": "#0"},
				"east": {"uv": [4, 9, 5, 12], "texture": "#0"},
				"south": {"uv": [0, 0, 3, 3], "texture": "#missing"},
				"west": {"uv": [11, 9, 12, 12], "texture": "#0"},
				"up": {"uv": [4, 9, 5, 10], "texture": "#0"},
				"down": {"uv": [0, 0, 3, 1], "texture": "#missing"}
			}
		},
		{
			"from": [0, 4, 5],
			"to": [3, 5, 7],
			"faces": {
				"north": {"uv": [0, 0, 3, 1], "texture": "#missing"},
				"east": {"uv": [5, 11, 7, 12], "texture": "#0"},
				"south": {"uv": [9, 11, 11, 12], "texture": "#0"},
				"west": {"uv": [5, 11, 7, 12], "texture": "#0"},
				"up": {"uv": [9, 11, 11, 12], "texture": "#0"},
				"down": {"uv": [0, 0, 3, 2], "texture": "#missing"}
			}
		},
		{
			"from": [0, 4, 9],
			"to": [3, 5, 11],
			"faces": {
				"north": {"uv": [9, 11, 11, 12], "texture": "#0"},
				"east": {"uv": [9, 11, 11, 12], "texture": "#0"},
				"south": {"uv": [0, 0, 3, 1], "texture": "#missing"},
				"west": {"uv": [9, 11, 11, 12], "texture": "#0"},
				"up": {"uv": [9, 11, 11, 12], "texture": "#0"},
				"down": {"uv": [0, 0, 3, 2], "texture": "#missing"}
			}
		},
		{
			"from": [0, 11, 9],
			"to": [3, 12, 11],
			"faces": {
				"north": {"uv": [5, 4, 6, 5], "texture": "#0"},
				"east": {"uv": [11, 4, 9, 5], "texture": "#0"},
				"south": {"uv": [0, 0, 3, 1], "texture": "#missing"},
				"west": {"uv": [9, 4, 11, 5], "texture": "#0"},
				"up": {"uv": [0, 0, 3, 2], "texture": "#missing"},
				"down": {"uv": [5, 4, 6, 5], "texture": "#0"}
			}
		},
		{
			"from": [0, 11, 5],
			"to": [3, 12, 7],
			"faces": {
				"north": {"uv": [0, 0, 3, 1], "texture": "#missing"},
				"east": {"uv": [7, 4, 5, 5], "texture": "#0"},
				"south": {"uv": [8, 4, 9, 5], "texture": "#0"},
				"west": {"uv": [5, 4, 7, 5], "texture": "#0"},
				"up": {"uv": [0, 0, 3, 2], "texture": "#missing"},
				"down": {"uv": [8, 4, 9, 5], "texture": "#0"}
			}
		},
		{
			"from": [1, 4, 8.5],
			"to": [2, 12, 9.5],
			"faces": {
				"north": {"uv": [8, 4, 9, 12], "texture": "#0"},
				"east": {"uv": [8, 4, 9, 12], "texture": "#0"},
				"south": {"uv": [8, 4, 9, 12], "texture": "#0"},
				"west": {"uv": [8, 4, 9, 12], "texture": "#0"},
				"up": {"uv": [0, 0, 1, 1], "texture": "#missing"},
				"down": {"uv": [0, 0, 1, 1], "texture": "#missing"}
			}
		},
		{
			"from": [1, 4, 6.5],
			"to": [2, 12, 7.5],
			"faces": {
				"north": {"uv": [8, 12, 9, 4], "texture": "#0"},
				"east": {"uv": [8, 12, 9, 4], "texture": "#0"},
				"south": {"uv": [8, 12, 9, 4], "texture": "#0"},
				"west": {"uv": [8, 12, 9, 4], "texture": "#0"},
				"up": {"uv": [0, 0, 1, 1], "texture": "#missing"},
				"down": {"uv": [0, 0, 1, 1], "texture": "#missing"}
			}
		},
		{
			"from": [1, 5, 10.5],
			"to": [2, 11, 11.5],
			"faces": {
				"north": {"uv": [6, 5, 7, 11], "texture": "#0"},
				"east": {"uv": [6, 5, 7, 11], "texture": "#0"},
				"south": {"uv": [6, 5, 7, 11], "texture": "#0"},
				"west": {"uv": [6, 5, 7, 11], "texture": "#0"},
				"up": {"uv": [0, 0, 1, 1], "texture": "#missing"},
				"down": {"uv": [0, 0, 1, 1], "texture": "#missing"}
			}
		},
		{
			"from": [1, 5, 4.5],
			"to": [2, 11, 5.5],
			"faces": {
				"north": {"uv": [10, 5, 11, 11], "texture": "#0"},
				"east": {"uv": [10, 5, 11, 11], "texture": "#0"},
				"south": {"uv": [10, 5, 11, 11], "texture": "#0"},
				"west": {"uv": [10, 5, 11, 11], "texture": "#0"},
				"up": {"uv": [0, 0, 1, 1], "texture": "#missing"},
				"down": {"uv": [0, 0, 1, 1], "texture": "#missing"}
			}
		}
	]
}