{
	"parent": "block/block",
	"textures": {
		"0": "block/acacia_trapdoor",
		"particle": "block/acacia_trapdoor"
	},
	"elements": [
		{
			"from": [0, 0, 0],
			"to": [4, 3, 16],
			"faces": {
				"north": {"uv": [13, 12, 16, 16], "rotation": 270, "texture": "#0"},
				"east": {"uv": [10, 0, 11, 16], "rotation": 270, "texture": "#0"},
				"south": {"uv": [0, 8, 3, 13], "rotation": 270, "texture": "#0"},
				"west": {"uv": [0, 0, 3, 16], "rotation": 90, "texture": "#0"},
				"up": {"uv": [4, 0, 0, 16], "rotation": 180, "texture": "#0"},
				"down": {"uv": [0, 0, 4, 16], "texture": "#0"}
			}
		},
		{
			"from": [12, 0, 0],
			"to": [16, 3, 16],
			"faces": {
				"north": {"uv": [13, 0, 16, 4], "rotation": 270, "texture": "#0"},
				"east": {"uv": [0, 0, 3, 16], "rotation": 270, "texture": "#0"},
				"south": {"uv": [0, 3, 3, 8], "rotation": 270, "texture": "#0"},
				"west": {"uv": [10, 0, 11, 16], "rotation": 90, "texture": "#0"},
				"up": {"uv": [16, 0, 12, 16], "rotation": 180, "texture": "#0"},
				"down": {"uv": [12, 0, 16, 16], "texture": "#0"}
			}
		},
		{
			"from": [4, 0, 0],
			"to": [12, 3, 4],
			"faces": {
				"north": {"uv": [0, 6, 3, 10], "rotation": 270, "texture": "#0"},
				"east": {"uv": [0, 0, 3, 1], "rotation": 270, "texture": "#missing"},
				"south": {"uv": [5, 11, 6, 12], "texture": "#0"},
				"west": {"uv": [0, 0, 3, 1], "rotation": 90, "texture": "#missing"},
				"up": {"uv": [12, 12, 4, 16], "rotation": 180, "texture": "#0"},
				"down": {"uv": [4, 12, 12, 16], "texture": "#0"}
			}
		},
		{
			"from": [4, 0, 12],
			"to": [12, 3, 16],
			"faces": {
				"north": {"uv": [10, 5, 11, 6], "texture": "#0"},
				"east": {"uv": [0, 0, 3, 1], "rotation": 270, "texture": "#missing"},
				"south": {"uv": [0, 6, 3, 12], "rotation": 270, "texture": "#0"},
				"west": {"uv": [0, 0, 3, 1], "rotation": 90, "texture": "#missing"},
				"up": {"uv": [12, 0, 4, 4], "rotation": 180, "texture": "#0"},
				"down": {"uv": [4, 0, 12, 4], "texture": "#0"}
			}
		},
		{
			"from": [4, 0, 4],
			"to": [5, 3, 7],
			"faces": {
				"north": {"uv": [0, 0, 3, 1], "rotation": 270, "texture": "#missing"},
				"east": {"uv": [11, 9, 12, 10], "rotation": 270, "texture": "#0"},
				"south": {"uv": [11, 9, 12, 10], "rotation": 270, "texture": "#0"},
				"west": {"uv": [0, 0, 3, 3], "rotation": 90, "texture": "#missing"},
				"up": {"uv": [11, 9, 12, 12], "rotation": 180, "texture": "#0"},
				"down": {"uv": [4, 9, 5, 12], "texture": "#0"}
			}
		},
		{
			"from": [4, 0, 9],
			"to": [5, 3, 12],
			"faces": {
				"north": {"uv": [4, 6, 5, 7], "rotation": 270, "texture": "#0"},
				"east": {"uv": [10, 5, 11, 6], "rotation": 270, "texture": "#0"},
				"south": {"uv": [0, 0, 3, 1], "rotation": 270, "texture": "#missing"},
				"west": {"uv": [0, 0, 3, 3], "rotation": 90, "texture": "#missing"},
				"up": {"uv": [4, 4, 5, 7], "rotation": 180, "texture": "#0"},
				"down": {"uv": [4, 4, 5, 7], "texture": "#0"}
			}
		},
		{
			"from": [11, 0, 9],
			"to": [12, 3, 12],
			"faces": {
				"north": {"uv": [11, 6, 12, 7], "rotation": 270, "texture": "#0"},
				"east": {"uv": [0, 0, 3, 3], "rotation": 270, "texture": "#missing"},
				"south": {"uv": [0, 0, 3, 1], "rotation": 270, "texture": "#missing"},
				"west": {"uv": [11, 6, 12, 7], "rotation": 90, "texture": "#0"},
				"up": {"uv": [11, 4, 12, 7], "rotation": 180, "texture": "#0"},
				"down": {"uv": [11, 4, 12, 7], "texture": "#0"}
			}
		},
		{
			"from": [11, 0, 4],
			"to": [12, 3, 7],
			"faces": {
				"north": {"uv": [0, 0, 3, 1], "rotation": 270, "texture": "#missing"},
				"east": {"uv": [0, 0, 3, 3], "rotation": 270, "texture": "#missing"},
				"south": {"uv": [4, 9, 5, 10], "rotation": 270, "texture": "#0"},
				"west": {"uv": [4, 9, 5, 12], "rotation": 90, "texture": "#0"},
				"up": {"uv": [4, 9, 5, 12], "rotation": 180, "texture": "#0"},
				"down": {"uv": [11, 9, 12, 12], "texture": "#0"}
			}
		},
		{
			"from": [5, 0, 4],
			"to": [7, 3, 5],
			"faces": {
				"north": {"uv": [0, 0, 3, 2], "rotation": 270, "texture": "#missing"},
				"east": {"uv": [9, 11, 11, 12], "rotation": 270, "texture": "#0"},
				"south": {"uv": [9, 11, 11, 12], "rotation": 270, "texture": "#0"},
				"west": {"uv": [0, 0, 3, 1], "rotation": 90, "texture": "#missing"},
				"up": {"uv": [5, 11, 7, 12], "rotation": 180, "texture": "#0"},
				"down": {"uv": [5, 11, 7, 12], "texture": "#0"}
			}
		},
		{
			"from": [9, 0, 4],
			"to": [11, 3, 5],
			"faces": {
				"north": {"uv": [0, 0, 3, 2], "rotation": 270, "texture": "#missing"},
				"east": {"uv": [0, 0, 3, 1], "rotation": 270, "texture": "#missing"},
				"south": {"uv": [9, 11, 11, 12], "rotation": 270, "texture": "#0"},
				"west": {"uv": [9, 11, 11, 12], "rotation": 90, "texture": "#0"},
				"up": {"uv": [9, 11, 11, 12], "rotation": 180, "texture": "#0"},
				"down": {"uv": [9, 11, 11, 12], "texture": "#0"}
			}
		},
		{
			"from": [9, 0, 11],
			"to": [11, 3, 12],
			"faces": {
				"north": {"uv": [5, 4, 6, 5], "rotation": 270, "texture": "#0"},
				"east": {"uv": [0, 0, 3, 1], "rotation": 270, "texture": "#missing"},
				"south": {"uv": [0, 0, 3, 2], "rotation": 270, "texture": "#missing"},
				"west": {"uv": [5, 4, 6, 5], "rotation": 90, "texture": "#0"},
				"up": {"uv": [11, 4, 9, 5], "rotation": 180, "texture": "#0"},
				"down": {"uv": [9, 4, 11, 5], "texture": "#0"}
			}
		},
		{
			"from": [5, 0, 11],
			"to": [7, 3, 12],
			"faces": {
				"north": {"uv": [8, 4, 9, 5], "rotation": 270, "texture": "#0"},
				"east": {"uv": [8, 4, 9, 5], "rotation": 270, "texture": "#0"},
				"south": {"uv": [0, 0, 3, 2], "rotation": 270, "texture": "#missing"},
				"west": {"uv": [0, 0, 3, 1], "rotation": 90, "texture": "#missing"},
				"up": {"uv": [7, 4, 5, 5], "rotation": 180, "texture": "#0"},
				"down": {"uv": [5, 4, 7, 5], "texture": "#0"}
			}
		},
		{
			"from": [8.5, 1, 4],
			"to": [9.5, 2, 12],
			"faces": {
				"north": {"uv": [0, 0, 1, 1], "rotation": 270, "texture": "#missing"},
				"east": {"uv": [8, 4, 9, 12], "rotation": 270, "texture": "#0"},
				"south": {"uv": [0, 0, 1, 1], "rotation": 270, "texture": "#missing"},
				"west": {"uv": [8, 4, 9, 12], "rotation": 90, "texture": "#0"},
				"up": {"uv": [8, 4, 9, 12], "rotation": 180, "texture": "#0"},
				"down": {"uv": [8, 4, 9, 12], "texture": "#0"}
			}
		},
		{
			"from": [6.5, 1, 4],
			"to": [7.5, 2, 12],
			"faces": {
				"north": {"uv": [0, 0, 1, 1], "rotation": 270, "texture": "#missing"},
				"east": {"uv": [8, 12, 9, 4], "rotation": 270, "texture": "#0"},
				"south": {"uv": [0, 0, 1, 1], "rotation": 270, "texture": "#missing"},
				"west": {"uv": [8, 12, 9, 4], "rotation": 90, "texture": "#0"},
				"up": {"uv": [8, 12, 9, 4], "rotation": 180, "texture": "#0"},
				"down": {"uv": [8, 12, 9, 4], "texture": "#0"}
			}
		},
		{
			"from": [10.5, 1, 5],
			"to": [11.5, 2, 11],
			"faces": {
				"north": {"uv": [0, 0, 1, 1], "rotation": 270, "texture": "#missing"},
				"east": {"uv": [6, 5, 7, 11], "rotation": 270, "texture": "#0"},
				"south": {"uv": [0, 0, 1, 1], "rotation": 270, "texture": "#missing"},
				"west": {"uv": [6, 5, 7, 11], "rotation": 90, "texture": "#0"},
				"up": {"uv": [6, 5, 7, 11], "rotation": 180, "texture": "#0"},
				"down": {"uv": [6, 5, 7, 11], "texture": "#0"}
			}
		},
		{
			"from": [4.5, 1, 5],
			"to": [5.5, 2, 11],
			"faces": {
				"north": {"uv": [0, 0, 1, 1], "rotation": 270, "texture": "#missing"},
				"east": {"uv": [10, 5, 11, 11], "rotation": 270, "texture": "#0"},
				"south": {"uv": [0, 0, 1, 1], "rotation": 270, "texture": "#missing"},
				"west": {"uv": [10, 5, 11, 11], "rotation": 90, "texture": "#0"},
				"up": {"uv": [10, 5, 11, 11], "rotation": 180, "texture": "#0"},
				"down": {"uv": [10, 5, 11, 11], "texture": "#0"}
			}
		}
	]
}