{
	"parent": "block/block",
	"textures": {
		"0": "Desktop/barrel_bottom",
		"1": "Desktop/barrel_side",
		"3": "Desktop/barrel_inside",
		"5": "Desktop/barrel_top2",
		"particle": "Desktop/barrel_bottom"
	},
	"elements": [
		{
			"from": [2, 0, 2],
			"to": [14, 2, 14],
			"faces": {
				"north": {"uv": [0, 0, 12, 2], "texture": "#missing"},
				"east": {"uv": [0, 0, 12, 2], "texture": "#missing"},
				"south": {"uv": [0, 0, 12, 2], "texture": "#missing"},
				"west": {"uv": [0, 0, 12, 2], "texture": "#missing"},
				"up": {"uv": [2, 2, 14, 14], "texture": "#0"},
				"down": {"uv": [2, 2, 14, 14], "texture": "#0"}
			}
		},
		{
			"from": [0, 0, 0],
			"to": [16, 16, 2],
			"faces": {
				"north": {"uv": [0, 0, 16, 16], "texture": "#1"},
				"east": {"uv": [14, 0, 16, 16], "texture": "#1"},
				"south": {"uv": [0, 0, 16, 16], "texture": "#3"},
				"west": {"uv": [0, 0, 2, 16], "texture": "#1"},
				"up": {"uv": [0, 0, 16, 2], "texture": "#2"},
				"down": {"uv": [0, 14, 16, 16], "texture": "#0"}
			}
		},
		{
			"from": [0, 0, 14],
			"to": [16, 16, 16],
			"faces": {
				"north": {"uv": [0, 0, 16, 16], "texture": "#3"},
				"east": {"uv": [0, 0, 2, 16], "texture": "#1"},
				"south": {"uv": [0, 0, 16, 16], "texture": "#1"},
				"west": {"uv": [14, 0, 16, 16], "texture": "#1"},
				"up": {"uv": [0, 14, 16, 16], "texture": "#2"},
				"down": {"uv": [0, 0, 16, 2], "texture": "#0"}
			}
		},
		{
			"from": [0, 0, 2],
			"to": [2, 16, 14],
			"faces": {
				"north": {"uv": [2, 0, 4, 16], "texture": "#missing"},
				"east": {"uv": [2, 0, 14, 16], "texture": "#3"},
				"south": {"uv": [2, 0, 4, 16], "texture": "#missing"},
				"west": {"uv": [2, 0, 14, 16], "texture": "#1"},
				"up": {"uv": [0, 2, 2, 13], "texture": "#2"},
				"down": {"uv": [0, 2, 2, 14], "texture": "#0"}
			}
		},
		{
			"from": [14, 0, 2],
			"to": [16, 16, 14],
			"faces": {
				"north": {"uv": [4, 0, 2, 16], "texture": "#missing"},
				"east": {"uv": [2, 0, 14, 16], "texture": "#1"},
				"south": {"uv": [4, 0, 2, 16], "texture": "#missing"},
				"west": {"uv": [2, 0, 14, 16], "texture": "#3"},
				"up": {"uv": [14, 2, 16, 14], "texture": "#2"},
				"down": {"uv": [14, 2, 16, 14], "texture": "#0"}
			}
		},
		{
			"from": [2, 2, 2],
			"to": [14, 13, 14],
			"faces": {
				"north": {"uv": [0, 0, 12, 11], "texture": "#missing"},
				"east": {"uv": [0, 0, 12, 11], "texture": "#missing"},
				"south": {"uv": [0, 0, 12, 11], "texture": "#missing"},
				"west": {"uv": [0, 0, 12, 11], "texture": "#missing"},
				"up": {"uv": [2, 2, 14, 14], "texture": "#5"},
				"down": {"uv": [0, 0, 12, 12], "texture": "#missing"}
			}
		}
	]
}