{
	"parent": "block/block",
	"textures": {
		"0": "block/birch_trapdoor",
		"particle": "block/birch_trapdoor"
	},
	"elements": [
		{
			"from": [0, 0, 13],
			"to": [4, 16, 16],
			"faces": {
				"north": {"uv": [4, 0, 0, 16], "texture": "#0"},
				"east": {"uv": [9, 0, 10, 16], "texture": "#0"},
				"south": {"uv": [0, 0, 4, 16], "texture": "#0"},
				"west": {"uv": [0, 0, 3, 16], "texture": "#0"},
				"up": {"uv": [0, 8, 3, 13], "rotation": 270, "texture": "#0"},
				"down": {"uv": [13, 12, 16, 16], "rotation": 90, "texture": "#0"}
			}
		},
		{
			"from": [12, 0, 13],
			"to": [16, 16, 16],
			"faces": {
				"north": {"uv": [16, 0, 12, 16], "texture": "#0"},
				"east": {"uv": [0, 0, 3, 16], "texture": "#0"},
				"south": {"uv": [12, 0, 16, 16], "texture": "#0"},
				"west": {"uv": [9, 0, 10, 16], "texture": "#0"},
				"up": {"uv": [0, 3, 3, 8], "rotation": 270, "texture": "#0"},
				"down": {"uv": [13, 0, 16, 4], "rotation": 90, "texture": "#0"}
			}
		},
		{
			"from": [4, 0, 13],
			"to": [12, 4, 16],
			"faces": {
				"north": {"uv": [12, 12, 4, 16], "texture": "#0"},
				"east": {"uv": [0, 0, 3, 1], "texture": "#missing"},
				"south": {"uv": [4, 12, 12, 16], "texture": "#0"},
				"west": {"uv": [0, 0, 3, 1], "texture": "#missing"},
				"up": {"uv": [5, 11, 6, 12], "texture": "#0"},
				"down": {"uv": [0, 6, 3, 10], "rotation": 90, "texture": "#0"}
			}
		},
		{
			"from": [4, 12, 13],
			"to": [12, 16, 16],
			"faces": {
				"north": {"uv": [12, 0, 4, 4], "texture": "#0"},
				"east": {"uv": [0, 0, 3, 1], "texture": "#missing"},
				"south": {"uv": [4, 0, 12, 4], "texture": "#0"},
				"west": {"uv": [0, 0, 3, 1], "texture": "#missing"},
				"up": {"uv": [0, 6, 3, 12], "rotation": 270, "texture": "#0"},
				"down": {"uv": [8, 3, 9, 4], "rotation": 180, "texture": "#0"}
			}
		},
		{
			"from": [4, 4, 13],
			"to": [5, 7, 16],
			"faces": {
				"north": {"uv": [11, 9, 12, 12], "texture": "#0"},
				"east": {"uv": [11, 9, 12, 10], "texture": "#0"},
				"south": {"uv": [4, 9, 5, 12], "texture": "#0"},
				"west": {"uv": [0, 0, 3, 3], "texture": "#missing"},
				"up": {"uv": [11, 9, 12, 10], "rotation": 270, "texture": "#0"},
				"down": {"uv": [0, 0, 3, 1], "rotation": 90, "texture": "#missing"}
			}
		},
		{
			"from": [4, 9, 13],
			"to": [5, 12, 16],
			"faces": {
				"north": {"uv": [4, 4, 5, 7], "texture": "#0"},
				"east": {"uv": [10, 4, 11, 5], "texture": "#0"},
				"south": {"uv": [4, 4, 5, 7], "texture": "#0"},
				"west": {"uv": [0, 0, 3, 3], "texture": "#missing"},
				"up": {"uv": [0, 0, 3, 1], "rotation": 270, "texture": "#missing"},
				"down": {"uv": [4, 6, 5, 7], "rotation": 90, "texture": "#0"}
			}
		},
		{
			"from": [11, 9, 13],
			"to": [12, 12, 16],
			"faces": {
				"north": {"uv": [11, 4, 12, 7], "texture": "#0"},
				"east": {"uv": [0, 0, 3, 3], "texture": "#missing"},
				"south": {"uv": [11, 4, 12, 7], "texture": "#0"},
				"west": {"uv": [11, 6, 12, 7], "texture": "#0"},
				"up": {"uv": [0, 0, 3, 1], "rotation": 270, "texture": "#missing"},
				"down": {"uv": [11, 6, 12, 7], "rotation": 90, "texture": "#0"}
			}
		},
		{
			"from": [11, 4, 13],
			"to": [12, 7, 16],
			"faces": {
				"north": {"uv": [4, 9, 5, 12], "texture": "#0"},
				"east": {"uv": [0, 0, 3, 3], "texture": "#missing"},
				"south": {"uv": [11, 9, 12, 12], "texture": "#0"},
				"west": {"uv": [4, 9, 5, 12], "texture": "#0"},
				"up": {"uv": [4, 9, 5, 10], "rotation": 270, "texture": "#0"},
				"down": {"uv": [0, 0, 3, 1], "rotation": 90, "texture": "#missing"}
			}
		},
		{
			"from": [5, 4, 13],
			"to": [7, 5, 16],
			"faces": {
				"north": {"uv": [5, 11, 7, 12], "texture": "#0"},
				"east": {"uv": [9, 11, 11, 12], "texture": "#0"},
				"south": {"uv": [5, 11, 7, 12], "texture": "#0"},
				"west": {"uv": [0, 0, 3, 1], "texture": "#missing"},
				"up": {"uv": [9, 11, 11, 12], "rotation": 270, "texture": "#0"},
				"down": {"uv": [0, 0, 3, 2], "rotation": 90, "texture": "#missing"}
			}
		},
		{
			"from": [9, 4, 13],
			"to": [11, 5, 16],
			"faces": {
				"north": {"uv": [9, 11, 11, 12], "texture": "#0"},
				"east": {"uv": [0, 0, 3, 1], "texture": "#missing"},
				"south": {"uv": [9, 11, 11, 12], "texture": "#0"},
				"west": {"uv": [9, 11, 11, 12], "texture": "#0"},
				"up": {"uv": [9, 11, 11, 12], "rotation": 270, "texture": "#0"},
				"down": {"uv": [0, 0, 3, 2], "rotation": 90, "texture": "#missing"}
			}
		},
		{
			"from": [9, 11, 13],
			"to": [11, 12, 16],
			"faces": {
				"north": {"uv": [11, 4, 9, 5], "texture": "#0"},
				"east": {"uv": [0, 0, 3, 1], "texture": "#missing"},
				"south": {"uv": [9, 4, 11, 5], "texture": "#0"},
				"west": {"uv": [5, 4, 6, 5], "texture": "#0"},
				"up": {"uv": [0, 0, 3, 2], "rotation": 270, "texture": "#missing"},
				"down": {"uv": [5, 4, 6, 5], "rotation": 90, "texture": "#0"}
			}
		},
		{
			"from": [5, 11, 13],
			"to": [7, 12, 16],
			"faces": {
				"north": {"uv": [7, 4, 5, 5], "texture": "#0"},
				"east": {"uv": [9, 4, 10, 5], "texture": "#0"},
				"south": {"uv": [5, 4, 7, 5], "texture": "#0"},
				"west": {"uv": [0, 0, 3, 1], "texture": "#missing"},
				"up": {"uv": [0, 0, 3, 2], "rotation": 270, "texture": "#missing"},
				"down": {"uv": [9, 4, 10, 5], "rotation": 90, "texture": "#0"}
			}
		},
		{
			"from": [8.5, 4, 14],
			"to": [9.5, 12, 15],
			"faces": {
				"north": {"uv": [6, 4, 7, 12], "rotation": 180, "texture": "#0"},
				"east": {"uv": [6, 4, 7, 12], "rotation": 180, "texture": "#0"},
				"south": {"uv": [6, 4, 7, 12], "texture": "#0"},
				"west": {"uv": [6, 4, 7, 12], "texture": "#0"},
				"up": {"uv": [0, 0, 1, 1], "rotation": 270, "texture": "#missing"},
				"down": {"uv": [0, 0, 1, 1], "rotation": 90, "texture": "#missing"}
			}
		},
		{
			"from": [10.5, 5, 14],
			"to": [11.5, 11, 15],
			"faces": {
				"north": {"uv": [6, 5, 7, 11], "texture": "#0"},
				"east": {"uv": [6, 5, 7, 11], "texture": "#0"},
				"south": {"uv": [6, 5, 7, 11], "texture": "#0"},
				"west": {"uv": [6, 5, 7, 11], "texture": "#0"},
				"up": {"uv": [0, 0, 1, 1], "rotation": 270, "texture": "#missing"},
				"down": {"uv": [0, 0, 1, 1], "rotation": 90, "texture": "#missing"}
			}
		},
		{
			"from": [6.5, 4, 14],
			"to": [7.5, 12, 15],
			"faces": {
				"north": {"uv": [6, 4, 7, 12], "rotation": 180, "texture": "#0"},
				"east": {"uv": [6, 4, 7, 12], "rotation": 180, "texture": "#0"},
				"south": {"uv": [6, 4, 7, 12], "texture": "#0"},
				"west": {"uv": [6, 4, 7, 12], "texture": "#0"},
				"up": {"uv": [0, 0, 1, 1], "rotation": 270, "texture": "#missing"},
				"down": {"uv": [0, 0, 1, 1], "rotation": 90, "texture": "#missing"}
			}
		},
		{
			"from": [4.5, 4, 14],
			"to": [5.5, 12, 15],
			"faces": {
				"north": {"uv": [6, 4, 7, 12], "rotation": 180, "texture": "#0"},
				"east": {"uv": [6, 4, 7, 12], "rotation": 180, "texture": "#0"},
				"south": {"uv": [6, 4, 7, 12], "texture": "#0"},
				"west": {"uv": [6, 4, 7, 12], "texture": "#0"},
				"up": {"uv": [0, 0, 1, 1], "rotation": 270, "texture": "#missing"},
				"down": {"uv": [0, 0, 1, 1], "rotation": 90, "texture": "#missing"}
			}
		}
	]
}