{
	"credit": "Made with Blockbench",
	"textures": {
		"0": "block/birch_door_top",
		"particle": "block/birch_door_top"
	},
	"elements": [
		{
			"from": [0, 0, 0],
			"to": [3, 16, 5],
			"faces": {
				"north": {"uv": [0, 0, 3, 16], "texture": "#0"},
				"east": {"uv": [11, 0, 16, 16], "texture": "#0"},
				"south": {"uv": [14, 1, 15, 16], "texture": "#0"},
				"west": {"uv": [16, 0, 11, 16], "texture": "#0"},
				"up": {"uv": [0, 8, 3, 13], "texture": "#0"},
				"down": {"uv": [13, 5, 16, 11], "texture": "#0"}
			}
		},
		{
			"from": [0, 0, 11],
			"to": [3, 16, 16],
			"faces": {
				"north": {"uv": [1, 1, 2, 16], "texture": "#0"},
				"east": {"uv": [0, 0, 5, 16], "texture": "#0"},
				"south": {"uv": [0, 0, 3, 16], "texture": "#0"},
				"west": {"uv": [5, 0, 0, 16], "texture": "#0"},
				"up": {"uv": [0, 3, 3, 8], "texture": "#0"},
				"down": {"uv": [0, 5, 3, 13], "texture": "#0"}
			}
		},
		{
			"from": [0, 0, 5],
			"to": [3, 4, 11],
			"faces": {
				"north": {"uv": [0, 0, 3, 1], "texture": "#missing"},
				"east": {"uv": [5, 12, 11, 16], "texture": "#0"},
				"south": {"uv": [0, 0, 3, 1], "texture": "#missing"},
				"west": {"uv": [11, 12, 5, 16], "texture": "#0"},
				"up": {"uv": [4, 13, 10, 16], "rotation": 90, "texture": "#0"},
				"down": {"uv": [0, 6, 3, 10], "texture": "#0"}
			}
		},
		{
			"from": [0, 11, 5],
			"to": [3, 16, 11],
			"faces": {
				"north": {"uv": [0, 0, 3, 1], "texture": "#missing"},
				"east": {"uv": [5, 0, 11, 5], "texture": "#0"},
				"south": {"uv": [0, 0, 3, 1], "texture": "#missing"},
				"west": {"uv": [11, 0, 5, 5], "texture": "#0"},
				"up": {"uv": [0, 6, 3, 12], "texture": "#0"},
				"down": {"uv": [7, 4, 9, 5], "rotation": 90, "texture": "#0"}
			}
		},
		{
			"from": [0, 10, 6],
			"to": [3, 11, 7],
			"faces": {
				"north": {"uv": [10, 5, 11, 6], "texture": "#0"},
				"east": {"uv": [9, 5, 10, 6], "texture": "#0"},
				"south": {"uv": [8, 4, 9, 5], "texture": "#0"},
				"west": {"uv": [9, 5, 10, 6], "texture": "#0"},
				"up": {"uv": [0, 0, 3, 1], "texture": "#missing"},
				"down": {"uv": [8, 4, 9, 5], "texture": "#0"}
			}
		},
		{
			"from": [0, 10, 9],
			"to": [3, 11, 10],
			"faces": {
				"north": {"uv": [8, 3, 9, 4], "texture": "#0"},
				"east": {"uv": [6, 5, 7, 6], "texture": "#0"},
				"south": {"uv": [9, 5, 11, 6], "texture": "#0"},
				"west": {"uv": [5, 5, 6, 6], "texture": "#0"},
				"up": {"uv": [0, 0, 3, 1], "texture": "#missing"},
				"down": {"uv": [6, 5, 7, 6], "texture": "#0"}
			}
		},
		{
			"from": [0, 9, 10],
			"to": [3, 11, 11],
			"faces": {
				"north": {"uv": [8, 3, 9, 4], "texture": "#0"},
				"east": {"uv": [6, 5, 7, 6], "texture": "#0"},
				"south": {"uv": [9, 5, 11, 6], "texture": "#0"},
				"west": {"uv": [6, 5, 7, 6], "texture": "#0"},
				"up": {"uv": [0, 0, 3, 1], "texture": "#missing"},
				"down": {"uv": [6, 5, 7, 6], "texture": "#0"}
			}
		},
		{
			"from": [0, 9, 5],
			"to": [3, 11, 6],
			"faces": {
				"north": {"uv": [9, 5, 11, 6], "texture": "#0"},
				"east": {"uv": [9, 5, 10, 6], "texture": "#0"},
				"south": {"uv": [8, 4, 9, 5], "texture": "#0"},
				"west": {"uv": [9, 5, 10, 6], "texture": "#0"},
				"up": {"uv": [0, 0, 3, 1], "texture": "#missing"},
				"down": {"uv": [8, 4, 9, 5], "texture": "#0"}
			}
		}
	]
}