{
	"parent": "block/block",
	"textures": {
		"0": "block/brown_mushrooms",
		"particle": "block/brown_mushrooms"
	},
	"elements": [
		{
			"from": [4, 0, 8],
			"to": [6, 2, 10],
			"faces": {
				"north": {"uv": [10, 2, 12, 4], "texture": "#0"},
				"east": {"uv": [10, 2, 12, 4], "texture": "#0"},
				"south": {"uv": [10, 2, 12, 4], "texture": "#0"},
				"west": {"uv": [10, 2, 12, 4], "texture": "#0"},
				"up": {"uv": [10, 2, 12, 4], "rotation": 90, "texture": "#0"},
				"down": {"uv": [10, 2, 12, 4], "rotation": 270, "texture": "#0"}
			}
		},
		{
			"from": [3, 2, 6],
			"to": [7, 4, 7],
			"faces": {
				"north": {"uv": [0, 0, 4, 2], "texture": "#0"},
				"east": {"uv": [0, 0, 1, 2], "texture": "#0"},
				"south": {"uv": [0, 0, 4, 2], "texture": "#0"},
				"west": {"uv": [0, 0, 1, 2], "texture": "#0"},
				"up": {"uv": [0, 0, 1, 4], "rotation": 90, "texture": "#0"},
				"down": {"uv": [0, 0, 1, 4], "rotation": 270, "texture": "#0"}
			}
		},
		{
			"from": [7, 2, 7],
			"to": [8, 4, 11],
			"faces": {
				"north": {"uv": [0, 0, 1, 2], "texture": "#0"},
				"east": {"uv": [0, 0, 4, 2], "texture": "#0"},
				"south": {"uv": [0, 0, 1, 2], "texture": "#0"},
				"west": {"uv": [0, 0, 4, 2], "texture": "#0"},
				"up": {"uv": [0, 0, 4, 1], "rotation": 90, "texture": "#0"},
				"down": {"uv": [0, 0, 4, 1], "rotation": 270, "texture": "#0"}
			}
		},
		{
			"from": [2, 2, 7],
			"to": [3, 4, 11],
			"faces": {
				"north": {"uv": [0, 0, 1, 2], "texture": "#0"},
				"east": {"uv": [0, 0, 4, 2], "texture": "#0"},
				"south": {"uv": [0, 0, 1, 2], "texture": "#0"},
				"west": {"uv": [0, 0, 4, 2], "texture": "#0"},
				"up": {"uv": [0, 0, 4, 1], "rotation": 90, "texture": "#0"},
				"down": {"uv": [0, 0, 4, 1], "rotation": 270, "texture": "#0"}
			}
		},
		{
			"from": [3, 2, 11],
			"to": [7, 4, 12],
			"faces": {
				"north": {"uv": [0, 0, 4, 2], "texture": "#missing"},
				"east": {"uv": [0, 0, 1, 2], "texture": "#0"},
				"south": {"uv": [0, 0, 4, 2], "texture": "#0"},
				"west": {"uv": [0, 0, 1, 2], "texture": "#0"},
				"up": {"uv": [0, 0, 1, 4], "rotation": 90, "texture": "#0"},
				"down": {"uv": [0, 0, 1, 4], "rotation": 270, "texture": "#0"}
			}
		},
		{
			"from": [3, 2, 7],
			"to": [7, 5, 11],
			"faces": {
				"north": {"uv": [0, 0, 4, 3], "texture": "#0"},
				"east": {"uv": [0, 0, 4, 3], "texture": "#0"},
				"south": {"uv": [0, 0, 4, 3], "texture": "#0"},
				"west": {"uv": [0, 0, 4, 3], "texture": "#0"},
				"up": {"uv": [0, 0, 4, 4], "rotation": 90, "texture": "#0"},
				"down": {"uv": [0, 0, 4, 4], "rotation": 270, "texture": "#0"}
			}
		},
		{
			"from": [3.5, 0, 8.25],
			"to": [6.5, 1, 9.75],
			"faces": {
				"north": {"uv": [10, 0, 11.5, 1], "texture": "#0"},
				"east": {"uv": [10, 0, 11.5, 1], "texture": "#0"},
				"south": {"uv": [10, 0, 11.5, 1], "texture": "#0"},
				"west": {"uv": [10, 0, 11.5, 1], "texture": "#0"},
				"up": {"uv": [10, 0, 11.5, 1], "rotation": 90, "texture": "#0"},
				"down": {"uv": [10, 0, 11.5, 1], "rotation": 270, "texture": "#0"}
			}
		},
		{
			"from": [4.25, 0, 7.5],
			"to": [5.75, 1, 10.5],
			"faces": {
				"north": {"uv": [10, 0, 11.5, 1], "texture": "#0"},
				"east": {"uv": [10, 0, 11.5, 1], "texture": "#0"},
				"south": {"uv": [10, 0, 11.5, 1], "texture": "#0"},
				"west": {"uv": [10, 0, 11.5, 1], "texture": "#0"},
				"up": {"uv": [10, 0, 11.5, 1], "rotation": 90, "texture": "#0"},
				"down": {"uv": [10, 0, 11.5, 1], "rotation": 270, "texture": "#0"}
			}
		},
		{
			"from": [9.5, 0, 5],
			"to": [11, 2, 6.5],
			"faces": {
				"north": {"uv": [10, 2, 11.5, 4], "texture": "#0"},
				"east": {"uv": [10, 2, 11.5, 4], "texture": "#0"},
				"south": {"uv": [10, 2, 11.5, 4], "texture": "#0"},
				"west": {"uv": [10, 2, 11.5, 4], "texture": "#0"},
				"up": {"uv": [10, 2, 11.5, 4], "rotation": 90, "texture": "#0"},
				"down": {"uv": [10, 2, 11.5, 4], "rotation": 270, "texture": "#0"}
			}
		},
		{
			"from": [8.5, 1.5, 4],
			"to": [12, 3, 7.5],
			"faces": {
				"north": {"uv": [11, 9, 15, 11], "texture": "#0"},
				"east": {"uv": [11, 9, 15, 11], "texture": "#0"},
				"south": {"uv": [11, 9, 15, 11], "texture": "#0"},
				"west": {"uv": [11, 9, 15, 11], "texture": "#0"},
				"up": {"uv": [8, 8, 12, 12], "rotation": 90, "texture": "#0"},
				"down": {"uv": [8, 8, 12, 12], "rotation": 270, "texture": "#0"}
			}
		},
		{
			"from": [9, 2.5, 4.5],
			"to": [11.5, 3.5, 7],
			"faces": {
				"north": {"uv": [10, 9, 12.5, 10], "texture": "#0"},
				"east": {"uv": [10, 9, 12.5, 10], "texture": "#0"},
				"south": {"uv": [10, 9, 12.5, 10], "texture": "#0"},
				"west": {"uv": [10, 9, 12.5, 10], "texture": "#0"},
				"up": {"uv": [10, 9, 13, 12], "rotation": 90, "texture": "#0"},
				"down": {"uv": [10, 9, 13, 12], "rotation": 270, "texture": "#0"}
			}
		}
	]
}