{
	"parent": "block/block",
	"textures": {
		"0": "block/brown_mushrooms",
		"particle": "block/brown_mushrooms"
	},
	"elements": [
		{
			"from": [8, 0, 9],
			"to": [10, 2, 11],
			"faces": {
				"north": {"uv": [10, 2, 12, 4], "texture": "#0"},
				"east": {"uv": [10, 2, 12, 4], "texture": "#0"},
				"south": {"uv": [10, 2, 12, 4], "texture": "#0"},
				"west": {"uv": [10, 2, 12, 4], "texture": "#0"},
				"up": {"uv": [10, 2, 12, 4], "texture": "#0"},
				"down": {"uv": [10, 2, 12, 4], "texture": "#0"}
			}
		},
		{
			"from": [6, 2, 8],
			"to": [7, 4, 12],
			"faces": {
				"north": {"uv": [0, 0, 1, 2], "texture": "#0"},
				"east": {"uv": [0, 0, 4, 2], "texture": "#0"},
				"south": {"uv": [0, 0, 1, 2], "texture": "#0"},
				"west": {"uv": [0, 0, 4, 2], "texture": "#0"},
				"up": {"uv": [0, 0, 1, 4], "texture": "#0"},
				"down": {"uv": [0, 0, 1, 4], "texture": "#0"}
			}
		},
		{
			"from": [7, 2, 7],
			"to": [11, 4, 8],
			"faces": {
				"north": {"uv": [0, 0, 4, 2], "texture": "#0"},
				"east": {"uv": [0, 0, 1, 2], "texture": "#0"},
				"south": {"uv": [0, 0, 4, 2], "texture": "#0"},
				"west": {"uv": [0, 0, 1, 2], "texture": "#0"},
				"up": {"uv": [0, 0, 4, 1], "texture": "#0"},
				"down": {"uv": [0, 0, 4, 1], "texture": "#0"}
			}
		},
		{
			"from": [7, 2, 12],
			"to": [11, 4, 13],
			"faces": {
				"north": {"uv": [0, 0, 4, 2], "texture": "#0"},
				"east": {"uv": [0, 0, 1, 2], "texture": "#0"},
				"south": {"uv": [0, 0, 4, 2], "texture": "#0"},
				"west": {"uv": [0, 0, 1, 2], "texture": "#0"},
				"up": {"uv": [0, 0, 4, 1], "texture": "#0"},
				"down": {"uv": [0, 0, 4, 1], "texture": "#0"}
			}
		},
		{
			"from": [11, 2, 8],
			"to": [12, 4, 12],
			"faces": {
				"north": {"uv": [0, 0, 1, 2], "texture": "#0"},
				"east": {"uv": [0, 0, 4, 2], "texture": "#0"},
				"south": {"uv": [0, 0, 1, 2], "texture": "#0"},
				"west": {"uv": [0, 0, 4, 2], "texture": "#missing"},
				"up": {"uv": [0, 0, 1, 4], "texture": "#0"},
				"down": {"uv": [0, 0, 1, 4], "texture": "#0"}
			}
		},
		{
			"from": [7, 2, 8],
			"to": [11, 5, 12],
			"faces": {
				"north": {"uv": [0, 0, 4, 3], "texture": "#0"},
				"east": {"uv": [0, 0, 4, 3], "texture": "#0"},
				"south": {"uv": [0, 0, 4, 3], "texture": "#0"},
				"west": {"uv": [0, 0, 4, 3], "texture": "#0"},
				"up": {"uv": [0, 0, 4, 4], "texture": "#0"},
				"down": {"uv": [0, 0, 4, 4], "texture": "#0"}
			}
		},
		{
			"from": [8.25, 0, 8.5],
			"to": [9.75, 1, 11.5],
			"faces": {
				"north": {"uv": [10, 0, 11.5, 1], "texture": "#0"},
				"east": {"uv": [10, 0, 11.5, 1], "texture": "#0"},
				"south": {"uv": [10, 0, 11.5, 1], "texture": "#0"},
				"west": {"uv": [10, 0, 11.5, 1], "texture": "#0"},
				"up": {"uv": [10, 0, 11.5, 1], "texture": "#0"},
				"down": {"uv": [10, 0, 11.5, 1], "texture": "#0"}
			}
		},
		{
			"from": [7.5, 0, 9.25],
			"to": [10.5, 1, 10.75],
			"faces": {
				"north": {"uv": [10, 0, 11.5, 1], "texture": "#0"},
				"east": {"uv": [10, 0, 11.5, 1], "texture": "#0"},
				"south": {"uv": [10, 0, 11.5, 1], "texture": "#0"},
				"west": {"uv": [10, 0, 11.5, 1], "texture": "#0"},
				"up": {"uv": [10, 0, 11.5, 1], "texture": "#0"},
				"down": {"uv": [10, 0, 11.5, 1], "texture": "#0"}
			}
		},
		{
			"from": [5, 0, 4],
			"to": [6.5, 2, 5.5],
			"faces": {
				"north": {"uv": [10, 2, 11.5, 4], "texture": "#0"},
				"east": {"uv": [10, 2, 11.5, 4], "texture": "#0"},
				"south": {"uv": [10, 2, 11.5, 4], "texture": "#0"},
				"west": {"uv": [10, 2, 11.5, 4], "texture": "#0"},
				"up": {"uv": [10, 2, 11.5, 4], "texture": "#0"},
				"down": {"uv": [10, 2, 11.5, 4], "texture": "#0"}
			}
		},
		{
			"from": [4, 1.5, 3],
			"to": [7.5, 3, 6.5],
			"faces": {
				"north": {"uv": [11, 9, 15, 11], "texture": "#0"},
				"east": {"uv": [11, 9, 15, 11], "texture": "#0"},
				"south": {"uv": [11, 9, 15, 11], "texture": "#0"},
				"west": {"uv": [11, 9, 15, 11], "texture": "#0"},
				"up": {"uv": [8, 8, 12, 12], "texture": "#0"},
				"down": {"uv": [8, 8, 12, 12], "texture": "#0"}
			}
		},
		{
			"from": [4.5, 2.5, 3.5],
			"to": [7, 3.5, 6],
			"faces": {
				"north": {"uv": [10, 9, 12.5, 10], "texture": "#0"},
				"east": {"uv": [10, 9, 12.5, 10], "texture": "#0"},
				"south": {"uv": [10, 9, 12.5, 10], "texture": "#0"},
				"west": {"uv": [10, 9, 12.5, 10], "texture": "#0"},
				"up": {"uv": [10, 9, 13, 12], "texture": "#0"},
				"down": {"uv": [10, 9, 13, 12], "texture": "#0"}
			}
		}
	]
}