{
	"credit": "Made with Blockbench",
	"parent": "block/block",
	"textures": {
		"2": "block/campfire_side",
		"3": "block/campfire_base",
		"fire": "block/campfire_fire"
	},
	"elements": [
		{
			"from": [0.8, 3, 8],
			"to": [15.2, 18, 8],
			"shade": false,
			"rotation": {"angle": 45, "axis": "y", "origin": [8, 8, 8], "rescale": true},
			"faces": {
				"north": {"uv": [0, 0, 16, 16], "texture": "#fire"},
				"south": {"uv": [0, 0, 16, 16], "texture": "#fire"}
			}
		},
		{
			"from": [8, 3, 0.8],
			"to": [8, 18, 15.2],
			"shade": false,
			"rotation": {"angle": 45, "axis": "y", "origin": [8, 8, 8], "rescale": true},
			"faces": {
				"east": {"uv": [0, 0, 16, 16], "texture": "#fire"},
				"west": {"uv": [0, 0, 16, 16], "texture": "#fire"}
			}
		},
		{
			"from": [0, 0, 6],
			"to": [16, 4.1, 10],
			"faces": {
				"north": {"uv": [0, 0, 4, 16], "rotation": 90, "texture": "#2"},
				"east": {"uv": [12, 0, 16, 4], "texture": "#2"},
				"south": {"uv": [0, 0, 4, 16], "rotation": 90, "texture": "#2"},
				"west": {"uv": [12, 0, 16, 4], "texture": "#2"},
				"up": {"uv": [0, 0, 4, 16], "rotation": 90, "texture": "#2"},
				"down": {"uv": [0, 0, 4, 16], "rotation": 90, "texture": "#2"}
			}
		},
		{
			"from": [6, 0, 0],
			"to": [10, 3.9, 16],
			"rotation": {"angle": 45, "axis": "y", "origin": [8, 8, 8]},
			"faces": {
				"north": {"uv": [12, 0, 16, 4], "texture": "#2"},
				"east": {"uv": [4, 0, 8, 16], "rotation": 90, "texture": "#2"},
				"south": {"uv": [12, 0, 16, 4], "texture": "#2"},
				"west": {"uv": [4, 0, 8, 16], "rotation": 90, "texture": "#2"},
				"up": {"uv": [4, 0, 8, 16], "texture": "#2"},
				"down": {"uv": [4, 0, 8, 16], "texture": "#2"}
			}
		},
		{
			"from": [6, 0, 0],
			"to": [10, 3.9, 16],
			"rotation": {"angle": -45, "axis": "y", "origin": [8, 8, 8]},
			"faces": {
				"north": {"uv": [12, 0, 16, 4], "texture": "#2"},
				"east": {"uv": [4, 0, 8, 16], "rotation": 90, "texture": "#2"},
				"south": {"uv": [12, 0, 16, 4], "texture": "#2"},
				"west": {"uv": [4, 0, 8, 16], "rotation": 90, "texture": "#2"},
				"up": {"uv": [4, 0, 8, 16], "texture": "#2"},
				"down": {"uv": [4, 0, 8, 16], "texture": "#2"}
			}
		},
		{
			"from": [6, 0, 0],
			"to": [10, 4, 16],
			"faces": {
				"north": {"uv": [12, 0, 16, 4], "texture": "#2"},
				"east": {"uv": [0, 0, 4, 16], "rotation": 90, "texture": "#2"},
				"south": {"uv": [12, 0, 16, 4], "texture": "#2"},
				"west": {"uv": [0, 0, 4, 16], "rotation": 90, "texture": "#2"},
				"up": {"uv": [0, 0, 4, 16], "texture": "#2"},
				"down": {"uv": [0, 0, 4, 16], "texture": "#2"}
			}
		},
		{
			"from": [4, 4.2, 4],
			"to": [12, 4.2, 12],
			"faces": {
				"north": {"uv": [0, 0, 8, 0], "texture": "#missing"},
				"east": {"uv": [0, 0, 8, 0], "texture": "#missing"},
				"south": {"uv": [0, 0, 8, 0], "texture": "#missing"},
				"west": {"uv": [0, 0, 8, 0], "texture": "#missing"},
				"up": {"uv": [8, 8, 16, 16], "texture": "#2"},
				"down": {"uv": [0, 0, 8, 8], "texture": "#missing"}
			}
		},
		{
			"from": [-4, 0.01, -4],
			"to": [20, 0.01, 20],
			"faces": {
				"north": {"uv": [0, 0, 16, 0], "texture": "#missing"},
				"east": {"uv": [0, 0, 16, 0], "texture": "#missing"},
				"south": {"uv": [0, 0, 16, 0], "texture": "#missing"},
				"west": {"uv": [0, 0, 16, 0], "texture": "#missing"},
				"up": {"uv": [2, 2, 13.5, 14], "texture": "#3"},
				"down": {"uv": [0, 0, 16, 16], "texture": "#missing"}
			}
		},
		{
			"from": [0, -1, 0],
			"to": [1, 0, 1],
			"color": 2,
			"faces": {
				"north": {"uv": [0, 0, 1, 1], "texture": "#missing"},
				"east": {"uv": [0, 0, 1, 1], "texture": "#missing"},
				"south": {"uv": [0, 0, 1, 1], "texture": "#missing"},
				"west": {"uv": [0, 0, 1, 1], "texture": "#missing"},
				"up": {"uv": [0, 0, 1, 1], "texture": "#missing"},
				"down": {"uv": [0, 0, 1, 1], "texture": "#missing"}
			}
		}
	]
}