{
	"credit": "Made with Blockbench",
	"parent": "block/block",
	"textures": {
		"1": "block/campfire_base",
		"2": "block/campfire_side",
        "particle": "block/oak_log"
	},
	"elements": [
		{
			"from": [0, 0, 6],
			"to": [16, 4.1, 10],
			"faces": {
				"north": {"uv": [0, 0, 4, 16], "rotation": 90, "texture": "#2"},
				"east": {"uv": [12, 0, 16, 4], "texture": "#2"},
				"south": {"uv": [0, 0, 4, 16], "rotation": 90, "texture": "#2"},
				"west": {"uv": [12, 0, 16, 4], "texture": "#2"},
				"up": {"uv": [0, 0, 4, 16], "rotation": 90, "texture": "#2"},
				"down": {"uv": [0, 0, 4, 16], "rotation": 90, "texture": "#2"}
			}
		},
		{
			"from": [6, 0, 0],
			"to": [10, 3.9, 16],
			"rotation": {"angle": 45, "axis": "y", "origin": [8, 8, 8]},
			"faces": {
				"north": {"uv": [12, 0, 16, 4], "texture": "#2"},
				"east": {"uv": [4, 0, 8, 16], "rotation": 90, "texture": "#2"},
				"south": {"uv": [12, 0, 16, 4], "texture": "#2"},
				"west": {"uv": [4, 0, 8, 16], "rotation": 90, "texture": "#2"},
				"up": {"uv": [4, 0, 8, 16], "texture": "#2"},
				"down": {"uv": [4, 0, 8, 16], "texture": "#2"}
			}
		},
		{
			"from": [6, 0, 0],
			"to": [10, 3.9, 16],
			"rotation": {"angle": -45, "axis": "y", "origin": [8, 8, 8]},
			"faces": {
				"north": {"uv": [12, 0, 16, 4], "texture": "#2"},
				"east": {"uv": [4, 0, 8, 16], "rotation": 90, "texture": "#2"},
				"south": {"uv": [12, 0, 16, 4], "texture": "#2"},
				"west": {"uv": [4, 0, 8, 16], "rotation": 90, "texture": "#2"},
				"up": {"uv": [4, 0, 8, 16], "texture": "#2"},
				"down": {"uv": [4, 0, 8, 16], "texture": "#2"}
			}
		},
		{
			"from": [6, 0, 0],
			"to": [10, 4, 16],
			"faces": {
				"north": {"uv": [12, 0, 16, 4], "texture": "#2"},
				"east": {"uv": [0, 0, 4, 16], "rotation": 90, "texture": "#2"},
				"south": {"uv": [12, 0, 16, 4], "texture": "#2"},
				"west": {"uv": [0, 0, 4, 16], "rotation": 90, "texture": "#2"},
				"up": {"uv": [0, 0, 4, 16], "texture": "#2"},
				"down": {"uv": [0, 0, 4, 16], "texture": "#2"}
			}
		},
		{
			"from": [-4, 0.01, -4],
			"to": [20, 0.01, 20],
			"faces": {
				"north": {"uv": [0, 0, 16, 0], "texture": "#missing"},
				"east": {"uv": [0, 0, 16, 0], "texture": "#missing"},
				"south": {"uv": [0, 0, 16, 0], "texture": "#missing"},
				"west": {"uv": [0, 0, 16, 0], "texture": "#missing"},
				"up": {"uv": [2, 2, 14, 14], "texture": "#1"},
				"down": {"uv": [0, 0, 16, 16], "texture": "#1"}
			}
		}
	],
	"groups": [
		{
			"name": "campfire_on",
			"children": [0, 1, 2, 3]
		}, 4]
}