{
	"parent": "block/block",
	"textures": {
		"0": "block/crafting_table_bottom",
		"1": "block/crafting_table_front",
		"2": "block/crafting_table_side",
		"3": "block/crafting_table_top",
		"particle": "block/crafting_table_bottom"
	},
	"elements": [
		{
			"from": [0, 0, 0],
			"to": [16, 1, 16],
			"faces": {
				"north": {"uv": [0, 2, 16, 3], "texture": "#2"},
				"east": {"uv": [0, 2, 16, 3], "texture": "#2"},
				"south": {"uv": [0, 2, 16, 3], "texture": "#2"},
				"west": {"uv": [0, 2, 16, 3], "texture": "#2"},
				"up": {"uv": [0, 0, 16, 16], "texture": "#0"},
				"down": {"uv": [0, 0, 16, 16], "texture": "#0"}
			}
		},
		{
			"from": [0, 1, 0],
			"to": [3, 13, 3],
			"faces": {
				"north": {"uv": [13, 3, 16, 15], "texture": "#1"},
				"east": {"uv": [3, 3, 0, 15], "texture": "#1"},
				"south": {"uv": [3, 3, 0, 15], "texture": "#1"},
				"west": {"uv": [0, 3, 3, 15], "texture": "#1"},
				"up": {"uv": [0, 0, 3, 3], "texture": "#missing"},
				"down": {"uv": [0, 0, 3, 3], "texture": "#missing"}
			}
		},
		{
			"from": [0, 13, 0],
			"to": [16, 16, 16],
			"faces": {
				"north": {"uv": [0, 0, 16, 3], "texture": "#1"},
				"east": {"uv": [0, 0, 16, 3], "texture": "#2"},
				"south": {"uv": [0, 0, 16, 3], "texture": "#2"},
				"west": {"uv": [0, 0, 16, 3], "texture": "#2"},
				"up": {"uv": [0, 0, 16, 16], "texture": "#3"},
				"down": {"uv": [0, 0, 16, 16], "texture": "#0"}
			}
		},
		{
			"from": [0, 1, 13],
			"to": [3, 13, 16],
			"faces": {
				"north": {"uv": [3, 3, 0, 15], "texture": "#1"},
				"east": {"uv": [3, 3, 0, 15], "texture": "#1"},
				"south": {"uv": [0, 3, 3, 15], "texture": "#1"},
				"west": {"uv": [13, 3, 16, 15], "texture": "#1"},
				"up": {"uv": [0, 0, 3, 3], "texture": "#missing"},
				"down": {"uv": [0, 0, 3, 3], "texture": "#missing"}
			}
		},
		{
			"from": [13, 1, 13],
			"to": [16, 13, 16],
			"faces": {
				"north": {"uv": [3, 3, 0, 15], "texture": "#1"},
				"east": {"uv": [0, 3, 3, 15], "texture": "#2"},
				"south": {"uv": [13, 3, 16, 15], "texture": "#1"},
				"west": {"uv": [3, 3, 0, 15], "texture": "#1"},
				"up": {"uv": [0, 0, 3, 3], "texture": "#missing"},
				"down": {"uv": [0, 0, 3, 3], "texture": "#missing"}
			}
		},
		{
			"from": [13, 1, 0],
			"to": [16, 13, 3],
			"faces": {
				"north": {"uv": [0, 3, 3, 15], "texture": "#1"},
				"east": {"uv": [13, 3, 16, 15], "texture": "#2"},
				"south": {"uv": [3, 3, 0, 15], "texture": "#1"},
				"west": {"uv": [3, 3, 0, 15], "texture": "#1"},
				"up": {"uv": [0, 0, 3, 3], "texture": "#missing"},
				"down": {"uv": [0, 0, 3, 3], "texture": "#missing"}
			}
		},
		{
			"from": [0.5, 0.5, 1],
			"to": [15.5, 13.5, 15],
			"faces": {
				"north": {"uv": [1, 3, 15, 16], "texture": "#1"},
				"east": {"uv": [1, 3, 15, 16], "texture": "#2"},
				"south": {"uv": [1, 3, 15, 16], "texture": "#1"},
				"west": {"uv": [1, 3, 15, 16], "texture": "#2"},
				"up": {"uv": [0, 0, 14, 14], "texture": "#missing"},
				"down": {"uv": [0, 0, 14, 14], "texture": "#missing"}
			}
		},
		{
			"from": [0, 9.5, 4],
			"to": [1, 12.5, 12],
			"faces": {
				"north": {"uv": [4, 4, 5, 7], "texture": "#2"},
				"east": {"uv": [0, 0, 8, 3], "texture": "#missing"},
				"south": {"uv": [11, 4, 12, 7], "texture": "#2"},
				"west": {"uv": [4, 4, 12, 7], "texture": "#2"},
				"up": {"uv": [4, 4, 12, 5], "rotation": 90, "texture": "#2"},
				"down": {"uv": [4, 4, 12, 5], "rotation": 90, "texture": "#2"}
			}
		},
		{
			"from": [4, 9.5, 0],
			"to": [12, 12.5, 1],
			"faces": {
				"north": {"uv": [4, 4, 12, 7], "texture": "#2"},
				"east": {"uv": [4, 4, 5, 7], "texture": "#2"},
				"south": {"uv": [0, 0, 8, 3], "texture": "#missing"},
				"west": {"uv": [11, 4, 12, 7], "texture": "#2"},
				"up": {"uv": [4, 4, 12, 5], "rotation": 180, "texture": "#2"},
				"down": {"uv": [4, 4, 12, 5], "texture": "#2"}
			}
		},
		{
			"from": [15, 9.5, 4],
			"to": [16, 12.5, 12],
			"faces": {
				"north": {"uv": [11, 4, 12, 7], "texture": "#2"},
				"east": {"uv": [4, 4, 12, 7], "texture": "#2"},
				"south": {"uv": [4, 4, 5, 7], "texture": "#2"},
				"west": {"uv": [0, 0, 8, 3], "texture": "#missing"},
				"up": {"uv": [4, 4, 12, 5], "rotation": 270, "texture": "#2"},
				"down": {"uv": [4, 4, 12, 5], "rotation": 270, "texture": "#2"}
			}
		},
		{
			"from": [4, 9.5, 15],
			"to": [12, 12.5, 16],
			"faces": {
				"north": {"uv": [0, 0, 8, 3], "texture": "#missing"},
				"east": {"uv": [11, 4, 12, 7], "texture": "#2"},
				"south": {"uv": [4, 4, 12, 7], "texture": "#2"},
				"west": {"uv": [4, 4, 5, 7], "texture": "#2"},
				"up": {"uv": [4, 4, 12, 5], "texture": "#2"},
				"down": {"uv": [4, 4, 12, 5], "rotation": 180, "texture": "#2"}
			}
		},
		{
			"from": [0, 5.5, 4],
			"to": [1, 8.5, 12],
			"faces": {
				"north": {"uv": [4, 4, 5, 7], "texture": "#2"},
				"east": {"uv": [0, 0, 8, 3], "texture": "#missing"},
				"south": {"uv": [11, 4, 12, 7], "texture": "#2"},
				"west": {"uv": [4, 8, 12, 11], "texture": "#2"},
				"up": {"uv": [4, 4, 12, 5], "rotation": 90, "texture": "#2"},
				"down": {"uv": [4, 4, 12, 5], "rotation": 90, "texture": "#2"}
			}
		},
		{
			"from": [0, 1.5, 4],
			"to": [1, 4.5, 12],
			"faces": {
				"north": {"uv": [4, 4, 5, 7], "texture": "#2"},
				"east": {"uv": [0, 0, 8, 3], "texture": "#missing"},
				"south": {"uv": [11, 4, 12, 7], "texture": "#2"},
				"west": {"uv": [4, 12, 12, 15], "texture": "#2"},
				"up": {"uv": [4, 4, 12, 5], "rotation": 90, "texture": "#2"},
				"down": {"uv": [4, 4, 12, 5], "rotation": 90, "texture": "#2"}
			}
		},
		{
			"from": [15, 5.5, 4],
			"to": [16, 8.5, 12],
			"faces": {
				"north": {"uv": [11, 4, 12, 7], "texture": "#2"},
				"east": {"uv": [4, 8, 12, 11], "texture": "#2"},
				"south": {"uv": [4, 4, 5, 7], "texture": "#2"},
				"west": {"uv": [0, 0, 8, 3], "texture": "#missing"},
				"up": {"uv": [4, 4, 12, 5], "rotation": 270, "texture": "#2"},
				"down": {"uv": [4, 4, 12, 5], "rotation": 270, "texture": "#2"}
			}
		},
		{
			"from": [15, 1.5, 4],
			"to": [16, 4.5, 12],
			"faces": {
				"north": {"uv": [11, 4, 12, 7], "texture": "#2"},
				"east": {"uv": [4, 12, 12, 15], "texture": "#2"},
				"south": {"uv": [4, 4, 5, 7], "texture": "#2"},
				"west": {"uv": [0, 0, 8, 3], "texture": "#missing"},
				"up": {"uv": [4, 4, 12, 5], "rotation": 270, "texture": "#2"},
				"down": {"uv": [4, 4, 12, 5], "rotation": 270, "texture": "#2"}
			}
		},
		{
			"from": [4, 3.5, 0],
			"to": [12, 8.5, 1],
			"faces": {
				"north": {"uv": [4, 8, 12, 13], "texture": "#1"},
				"east": {"uv": [4, 4, 5, 7], "texture": "#2"},
				"south": {"uv": [0, 0, 8, 3], "texture": "#missing"},
				"west": {"uv": [11, 4, 12, 7], "texture": "#2"},
				"up": {"uv": [4, 4, 12, 5], "rotation": 180, "texture": "#2"},
				"down": {"uv": [4, 4, 12, 5], "texture": "#2"}
			}
		},
		{
			"from": [4, 3.5, 15],
			"to": [12, 8.5, 16],
			"faces": {
				"north": {"uv": [8, 0, 0, 3], "texture": "#missing"},
				"east": {"uv": [5, 4, 4, 7], "texture": "#2"},
				"south": {"uv": [12, 8, 4, 13], "texture": "#1"},
				"west": {"uv": [12, 4, 11, 7], "texture": "#2"},
				"up": {"uv": [4, 5, 12, 4], "rotation": 180, "texture": "#2"},
				"down": {"uv": [4, 5, 12, 4], "texture": "#2"}
			}
		},
		{
			"from": [1, 0.5, 0.5],
			"to": [15, 13.5, 15.5],
			"faces": {
				"north": {"uv": [1, 3, 15, 16], "texture": "#1"},
				"east": {"uv": [1, 3, 15, 16], "texture": "#2"},
				"south": {"uv": [1, 3, 15, 16], "texture": "#1"},
				"west": {"uv": [1, 3, 15, 16], "texture": "#2"},
				"up": {"uv": [0, 0, 14, 14], "texture": "#missing"},
				"down": {"uv": [0, 0, 14, 14], "texture": "#missing"}
			}
		},
		{
			"from": [4, 1.5, 0],
			"to": [12, 2.5, 16],
			"faces": {
				"north": {"uv": [4, 14, 12, 15], "texture": "#1"},
				"east": {"uv": [4, 4, 5, 7], "texture": "#2"},
				"south": {"uv": [4, 14, 12, 15], "texture": "#1"},
				"west": {"uv": [11, 4, 12, 7], "texture": "#2"},
				"up": {"uv": [4, 4, 12, 5], "rotation": 180, "texture": "#2"},
				"down": {"uv": [4, 4, 12, 5], "texture": "#2"}
			}
		}
	]
}