{
	"credit": "Made with Blockbench, a free, modern block model editor by JannisX11",
	"textures": {
		"0": "3d_transportation/3d_rail_redstone",
		"1": "3d_transportation/3d_rail_iron_light",
		"2": "3d_transportation/3d_rail_iron_dark",
		"particle": "3d_transportation/3d_rail_iron_light",
		"1_0": "3d_transportation/3d_rail_wood"
	},
	"elements": [
		{
			"name": "cube",
			"from": [13, 9, -6.5],
			"to": [14, 10, 9.5],
			"faces": {
				"north": {"uv": [2, 6, 3, 7], "texture": "#1"},
				"east": {"uv": [16, 7, 6.5, 6], "texture": "#1"},
				"south": {"uv": [13, 6, 14, 7], "texture": "#1"},
				"west": {"uv": [0, 6, 9.5, 7], "texture": "#1"},
				"up": {"uv": [13, 0, 14, 9.5], "texture": "#1"},
				"down": {"uv": [13, 6.5, 14, 16], "texture": "#1"}
			},
			"rotation": {
				"origin": [13.5, 16, 1.5],
				"axis": "x",
				"angle": -45,
				"rescale": true
			},
			"type": "cube"
		},
		{
			"name": "cube",
			"from": [3, 9, -6.5],
			"to": [4, 9.5, 9.5],
			"faces": {
				"north": {"uv": [12, 6.5, 13, 7], "texture": "#2"},
				"east": {"uv": [16, 7, 6.5, 6.5], "texture": "#2"},
				"south": {"uv": [3, 6.5, 4, 7], "texture": "#2"},
				"west": {"uv": [0, 6.5, 9.5, 7], "texture": "#2"},
				"up": {"uv": [3, 0, 4, 9.5], "texture": "#2"},
				"down": {"uv": [3, 6.5, 4, 16], "texture": "#2"}
			},
			"rotation": {
				"origin": [3.5, 16, 1.5],
				"axis": "x",
				"angle": -45,
				"rescale": true
			},
			"type": "cube"
		},
		{
			"name": "cube",
			"from": [12, 9, -6.5],
			"to": [13, 9.5, 9.5],
			"faces": {
				"north": {"uv": [3, 6.5, 4, 7], "texture": "#2"},
				"east": {"uv": [16, 7, 6.5, 6.5], "texture": "#2"},
				"south": {"uv": [12, 6.5, 13, 7], "texture": "#2"},
				"west": {"uv": [0, 6.5, 9.5, 7], "texture": "#2"},
				"up": {"uv": [12, 0, 13, 9.5], "texture": "#2"},
				"down": {"uv": [12, 6.5, 13, 16], "texture": "#2"}
			},
			"rotation": {
				"origin": [12.5, 16, 1.5],
				"axis": "x",
				"angle": -45,
				"rescale": true
			},
			"type": "cube"
		},
		{
			"name": "cube",
			"from": [2, 9, -6.5],
			"to": [3, 10, 9.5],
			"faces": {
				"north": {"uv": [13, 6, 14, 7], "texture": "#1"},
				"east": {"uv": [16, 7, 6.5, 6], "texture": "#1"},
				"south": {"uv": [2, 6, 3, 7], "texture": "#1"},
				"west": {"uv": [0, 6, 9.5, 7], "texture": "#1"},
				"up": {"uv": [2, 0, 3, 9.5], "texture": "#1"},
				"down": {"uv": [2, 6.5, 3, 16], "texture": "#1"}
			},
			"rotation": {
				"origin": [2.5, 16, 1.5],
				"axis": "x",
				"angle": -45,
				"rescale": true
			},
			"type": "cube"
		},
		{
			"name": "cube",
			"from": [1, 1.4000000000000004, -4],
			"to": [15, 2.4000000000000004, -2],
			"faces": {
				"north": {"uv": [1, 7, 15, 8], "texture": "#1_0"},
				"east": {"uv": [12, 4, 10, 3], "texture": "#1_0"},
				"south": {"uv": [0, 2, 14, 3], "texture": "#1_0"},
				"west": {"uv": [7, 9, 9, 10], "texture": "#1_0"},
				"up": {"uv": [1, 10, 15, 12], "texture": "#1_0"},
				"down": {"uv": [0, 1, 14, 3], "texture": "#1_0"}
			},
			"rotation": {
				"origin": [8, 9.4, -1],
				"axis": "x",
				"angle": -45
			},
			"type": "cube"
		},
		{
			"name": "cube",
			"from": [1, 4.4, -1],
			"to": [15, 5.4, 1],
			"faces": {
				"north": {"uv": [0, 0, 14, 1], "texture": "#1_0"},
				"east": {"uv": [15, 14, 13, 13], "texture": "#1_0"},
				"south": {"uv": [0, 3, 14, 4], "texture": "#1_0"},
				"west": {"uv": [2, 7, 4, 8], "texture": "#1_0"},
				"up": {"uv": [2, 13, 16, 15], "texture": "#1_0"},
				"down": {"uv": [0, 4, 14, 6], "texture": "#1_0"}
			},
			"rotation": {
				"origin": [8, 12.4, 2],
				"axis": "x",
				"angle": -45
			},
			"type": "cube"
		},
		{
			"name": "cube",
			"from": [1, 7.4, 2],
			"to": [15, 8.4, 4],
			"faces": {
				"north": {"uv": [0, 10, 14, 11], "texture": "#1_0"},
				"east": {"uv": [9, 14, 7, 13], "texture": "#1_0"},
				"south": {"uv": [1, 2, 15, 3], "texture": "#1_0"},
				"west": {"uv": [1, 7, 3, 8], "texture": "#1_0"},
				"up": {"uv": [1, 11, 15, 13], "texture": "#1_0"},
				"down": {"uv": [1, 0, 15, 2], "texture": "#1_0"}
			},
			"rotation": {
				"origin": [8, 15.4, 5],
				"axis": "x",
				"angle": -45
			},
			"type": "cube"
		},
		{
			"name": "cube",
			"from": [1, 10.4, 5],
			"to": [15, 11.4, 7],
			"faces": {
				"north": {"uv": [2, 3, 16, 4], "texture": "#1_0"},
				"east": {"uv": [6, 14, 4, 13], "texture": "#1_0"},
				"south": {"uv": [1, 1, 15, 2], "texture": "#1_0"},
				"west": {"uv": [12, 7, 14, 8], "texture": "#1_0"},
				"up": {"uv": [1, 12, 15, 14], "texture": "#1_0"},
				"down": {"uv": [0, 2, 14, 4], "texture": "#1_0"}
			},
			"rotation": {
				"origin": [8, 18.4, 8],
				"axis": "x",
				"angle": -45
			},
			"type": "cube"
		},
		{
			"name": "cube",
			"from": [1, 13.4, 8],
			"to": [15, 14.4, 10],
			"faces": {
				"north": {"uv": [2, 3, 16, 4], "texture": "#1_0"},
				"east": {"uv": [5, 12, 3, 11], "texture": "#1_0"},
				"south": {"uv": [1, 3, 15, 4], "texture": "#1_0"},
				"west": {"uv": [2, 6, 4, 7], "texture": "#1_0"},
				"up": {"uv": [1, 11, 15, 13], "texture": "#1_0"},
				"down": {"uv": [1, 0, 15, 2], "texture": "#1_0"}
			},
			"rotation": {
				"origin": [8, 21.4, 11],
				"axis": "x",
				"angle": -45
			},
			"type": "cube"
		},
		{
			"name": "cube",
			"from": [5, 9.5, -1.25],
			"to": [11, 10.8, 4.75],
			"faces": {
				"north": {"uv": [11, 5.1, 5, 6.4], "texture": "#0"},
				"east": {
					"uv": [0, 6.4, 4.800000000000001, 5.1],
					"texture": "#0"
				},
				"south": {"uv": [11, 5.1, 5, 6.4], "texture": "#0"},
				"west": {
					"uv": [16, 5.1, 11.2, 6.4],
					"texture": "#0"
				},
				"up": {"uv": [5, 16, 11, 11.2], "texture": "#0"},
				"down": {
					"uv": [5, 4.800000000000001, 11, 0],
					"texture": "#0"
				}
			},
			"rotation": {
				"origin": [12, 17.5, 5.75],
				"axis": "x",
				"angle": -45
			},
			"type": "cube"
		},
		{
			"name": "cube",
			"from": [6, 9.65, -0.8500000000000014],
			"to": [10, 10.35, 3.1499999999999986],
			"faces": {
				"north": {
					"uv": [10, 6.050000000000001, 6, 6.25],
					"texture": "#1"
				},
				"east": {
					"uv": [
						0,
						6.25,
						3.200000000000003,
						6.050000000000001
					],
					"texture": "#1"
				},
				"south": {
					"uv": [10, 6.050000000000001, 6, 6.25],
					"texture": "#1"
				},
				"west": {
					"uv": [
						16,
						6.050000000000001,
						12.799999999999997,
						6.25
					],
					"texture": "#1"
				},
				"up": {
					"uv": [6, 16, 10, 12.799999999999997],
					"texture": "#1"
				},
				"down": {
					"uv": [6, 3.200000000000003, 10, 0],
					"texture": "#1"
				}
			},
			"rotation": {
				"origin": [13, 17.65, 4.149999999999999],
				"axis": "x",
				"angle": -45
			},
			"type": "cube"
		}
	]
}