{
    "variants": {
        "facing=down": { "model": "block/barrel", "x": 180 },
        "facing=up": [
				{ "model": "block/barrel" },
				{ "model": "block/barrel1" },
				{ "model": "block/barrel2" },
                { "model": "block/barrel3" }
			],
        "facing=north": { "model": "block/barrel", "x": 90 },
        "facing=south": { "model": "block/barrel", "x": 270 },
        "facing=west": { "model": "block/barrel", "x": 90, "y": 270 },
        "facing=east": { "model": "block/barrel", "x": 90, "y": 90 }
    }
}
