{
    "variants": {
        "axis=y":  [
			{ "model": "block/birch_wood" },
			{ "model": "block/birch_wood1" },
			{ "model": "block/birch_wood2" },
			{ "model": "block/birch_wood3" },
			{ "model": "block/birch_wood4" },
			{ "model": "block/birch_wood5" }
		],
        "axis=z":   [
			{ "model": "block/birch_wood", "x": 90 },
			{ "model": "block/birch_wood1", "x": 90 },
			{ "model": "block/birch_wood2", "x": 90 },
			{ "model": "block/birch_wood3", "x": 90 },
			{ "model": "block/birch_wood4", "x": 90 },
			{ "model": "block/birch_wood5", "x": 90 }
		],
        "axis=x":   [
			{ "model": "block/birch_wood", "x": 90, "y": 90 },
			{ "model": "block/birch_wood1", "x": 90, "y": 90 },
			{ "model": "block/birch_wood2", "x": 90, "y": 90 },
			{ "model": "block/birch_wood3", "x": 90, "y": 90 },
			{ "model": "block/birch_wood4", "x": 90, "y": 90 },
			{ "model": "block/birch_wood5", "x": 90, "y": 90 }
		]
    }
}
