{
    "variants": {
        "": [
            { "model": "block/gravel0", "weight": 25 },
            { "model": "block/gravel0", "y": 90, "weight": 25  },
            { "model": "block/gravel0", "y": 180, "weight": 25  },
            { "model": "block/gravel0", "y": 270, "weight": 25  },
            { "model": "block/gravel0", "x": 90, "weight": 25  },
            { "model": "block/gravel0", "x": 180, "weight": 25  },
            { "model": "block/gravel0", "x": 270, "weight": 25  },
            { "model": "block/gravel0", "z": 90, "weight": 25  },
            { "model": "block/gravel0", "z": 180, "weight": 25  },
            { "model": "block/gravel0", "z": 270, "weight": 25  },
			{ "model": "block/gravel1", "weight": 50 },
			{ "model": "block/gravel1", "y": 90, "weight": 50  },
            { "model": "block/gravel1", "y": 180, "weight": 50  },
            { "model": "block/gravel1", "y": 270, "weight": 50  },
			{ "model": "block/gravel1", "x": 90, "weight": 50  },
            { "model": "block/gravel1", "x": 180, "weight": 50  },
            { "model": "block/gravel1", "x": 270, "weight": 50  },
			{ "model": "block/gravel1", "z": 90, "weight": 50  },
            { "model": "block/gravel1", "z": 180, "weight": 50  },
            { "model": "block/gravel1", "z": 270, "weight": 50  },
			{ "model": "block/gravel2", "weight": 25 },
			{ "model": "block/gravel2", "y": 90, "weight": 25  },
            { "model": "block/gravel2", "y": 180, "weight": 25  },
            { "model": "block/gravel2", "y": 270, "weight": 25  },
			{ "model": "block/gravel2", "x": 90, "weight": 25  },
            { "model": "block/gravel2", "x": 180, "weight": 25  },
            { "model": "block/gravel2", "x": 270, "weight": 25  },
			{ "model": "block/gravel2", "z": 90, "weight": 25  },
            { "model": "block/gravel2", "z": 180, "weight": 25  },
            { "model": "block/gravel2", "z": 270, "weight": 25  },
			{ "model": "block/gravel3", "weight": 50 },
			{ "model": "block/gravel3", "y": 90, "weight": 50  },
            { "model": "block/gravel3", "y": 180, "weight": 50  },
            { "model": "block/gravel3", "y": 270, "weight": 50  },
			{ "model": "block/gravel3", "x": 90, "weight": 50  },
            { "model": "block/gravel3", "x": 180, "weight": 50  },
            { "model": "block/gravel3", "x": 270, "weight": 50  },
			{ "model": "block/gravel3", "z": 90, "weight": 50  },
            { "model": "block/gravel3", "z": 180, "weight": 50  },
            { "model": "block/gravel3", "z": 270, "weight": 50  },
			{ "model": "block/gravel4", "weight": 50 },
			{ "model": "block/gravel4", "y": 90, "weight": 50  },
            { "model": "block/gravel4", "y": 180, "weight": 50  },
            { "model": "block/gravel4", "y": 270, "weight": 50  },
			{ "model": "block/gravel4", "x": 90, "weight": 50  },
            { "model": "block/gravel4", "x": 180, "weight": 50  },
            { "model": "block/gravel4", "x": 270, "weight": 50  },
			{ "model": "block/gravel4", "z": 90, "weight": 50  },
            { "model": "block/gravel4", "z": 180, "weight": 50  },
            { "model": "block/gravel4", "z": 270, "weight": 50  },
			{ "model": "block/gravel5", "weight": 50 },
			{ "model": "block/gravel5", "y": 90, "weight": 50  },
            { "model": "block/gravel5", "y": 180, "weight": 50  },
            { "model": "block/gravel5", "y": 270, "weight": 50  },
			{ "model": "block/gravel5", "x": 90, "weight": 50  },
            { "model": "block/gravel5", "x": 180, "weight": 50  },
            { "model": "block/gravel5", "x": 270, "weight": 50  },
			{ "model": "block/gravel5", "z": 90, "weight": 50  },
            { "model": "block/gravel5", "z": 180, "weight": 50  },
            { "model": "block/gravel5", "z": 270, "weight": 50  },
			{ "model": "block/gravel6", "weight": 50 },
			{ "model": "block/gravel6", "y": 90, "weight": 50  },
            { "model": "block/gravel6", "y": 180, "weight": 50  },
            { "model": "block/gravel6", "y": 270, "weight": 50  },
			{ "model": "block/gravel6", "x": 90, "weight": 50  },
            { "model": "block/gravel6", "x": 180, "weight": 50  },
            { "model": "block/gravel6", "x": 270, "weight": 50  },
			{ "model": "block/gravel6", "z": 90, "weight": 50  },
            { "model": "block/gravel6", "z": 180, "weight": 50  },
            { "model": "block/gravel6", "z": 270, "weight": 50  },
            { "model": "block/gravel7", "weight": 20 },
			{ "model": "block/gravel7", "y": 90, "weight": 20  },
            { "model": "block/gravel7", "y": 180, "weight": 20  },
            { "model": "block/gravel7", "y": 270, "weight": 20  },
			{ "model": "block/gravel7", "x": 90, "weight": 20  },
            { "model": "block/gravel7", "x": 180, "weight": 20  },
            { "model": "block/gravel7", "x": 270, "weight": 20  },
			{ "model": "block/gravel7", "z": 90, "weight": 20  },
            { "model": "block/gravel7", "z": 180, "weight": 20  },
            { "model": "block/gravel7", "z": 270, "weight": 20  },
            { "model": "block/gravel8", "weight": 10 },
			{ "model": "block/gravel8", "y": 90, "weight": 10  },
            { "model": "block/gravel8", "y": 180, "weight": 10  },
            { "model": "block/gravel8", "y": 270, "weight": 10  },
			{ "model": "block/gravel8", "x": 90, "weight": 10  },
            { "model": "block/gravel8", "x": 180, "weight": 10  },
            { "model": "block/gravel8", "x": 270, "weight": 10  },
			{ "model": "block/gravel8", "z": 90, "weight": 10  },
            { "model": "block/gravel8", "z": 180, "weight": 10  },
            { "model": "block/gravel8", "z": 270, "weight": 10  }
            
        ]
    }
}
