{
    "variants": {
        "facing=south": [
			{ "model": "block/old_granite", "weight": 30 },
            { "model": "block/old_granite1", "weight": 15 },
			{ "model": "block/old_granite2", "weight": 20 }
		],
        "facing=west": [
			{ "model": "block/smooth_granite", "weight": 50 },
			{ "model": "block/smooth_granite1", "weight": 20 },
			{ "model": "block/smooth_granite2", "weight": 10 },
            { "model": "block/smooth_granite3", "weight": 10 },
			{ "model": "block/smooth_granite4", "weight": 40 }
		],
        "facing=north": [
			{ "model": "block/light_stone", "weight": 50 },
			{ "model": "block/light_stone1", "weight": 45 },
			{ "model": "block/light_stone2", "weight": 40 },
            { "model": "block/light_stone3", "weight": 50 },
            { "model": "block/light_stone4", "weight": 50 },
            { "model": "block/light_stone5", "weight": 30 },
            { "model": "block/light_stone6", "weight": 20 },
			{ "model": "block/light_stone7", "weight": 10 }
		],
        "facing=east": [
			{ "model": "block/dark_stone", "weight": 30 },
			{ "model": "block/dark_stone1", "weight": 30 },
            { "model": "block/dark_stone2", "weight": 20 },
			{ "model": "block/dark_stone3", "weight": 10 }
		]
    }
}
