{
    "variants": {
        "facing=south": [
			{ "model": "block/diorite_cobble" },
            { "model": "block/diorite_cobble1" },
            { "model": "block/diorite_cobble2" },
            { "model": "block/diorite_cobble3" },
            { "model": "block/diorite_cobble4" }
		],
        "facing=west": [
			{ "model": "block/cobble0" },
			{ "model": "block/cobble1" },
			{ "model": "block/cobble2" },
            { "model": "block/cobble3" },
            { "model": "block/cobble4" }
		],
        "facing=north": [
			{ "model": "block/red_granite" },
			{ "model": "block/red_granite1" },
            { "model": "block/red_granite2" },
            { "model": "block/red_granite3" },
            { "model": "block/red_granite4" }
		],
        "facing=east": [
			{ "model": "block/andesite_cobble" },
			{ "model": "block/andesite_cobble1" },
            { "model": "block/andesite_cobble2" },
            { "model": "block/andesite_cobble3" },
            { "model": "block/andesite_cobble4" }
		]
    }
}
