{
    "variants": {
        "type=bottom": { "model": "block/prismarine_slab" },
        "type=top": { "model": "block/prismarine_slab_top" },
        "type=double": [
            { "model": "block/prismarine_slab0" },
            { "model": "block/prismarine_slab1" },
            { "model": "block/prismarine_slab2" },
            { "model": "block/prismarine_slab3" },
            { "model": "block/prismarine_slab4" },
            { "model": "block/prismarine_slab5" },
            { "model": "block/prismarine_slab6" }
        ]
    }
}
