{
    "variants": {
        "facing=south": [
			{ "model": "block/brown_brick", "weight": 50 },
			{ "model": "block/brown_brick1", "weight": 45 },
			{ "model": "block/brown_brick2", "weight": 40 },
            { "model": "block/brown_brick3", "weight": 50 },
            { "model": "block/brown_brick4", "weight": 50 },
            { "model": "block/brown_brick5", "weight": 30 },
            { "model": "block/brown_brick6", "weight": 30 },
			{ "model": "block/brown_brick7", "weight": 10 }
		],
        "facing=west": { "model": "block/white_brick", "y": 90 },
        "facing=north": [
			{ "model": "block/gray_brick", "weight": 50 },
			{ "model": "block/gray_brick1", "weight": 45 },
			{ "model": "block/gray_brick2", "weight": 40 },
            { "model": "block/gray_brick3", "weight": 50 },
            { "model": "block/gray_brick4", "weight": 50 },
            { "model": "block/gray_brick5", "weight": 30 },
            { "model": "block/gray_brick6", "weight": 30 },
			{ "model": "block/gray_brick7", "weight": 10 }
		],
        "facing=east": [
            { "model": "block/granite_brick" },
            { "model": "block/granite_brick1" },
            { "model": "block/granite_brick2" },
            { "model": "block/granite_brick3" },
            { "model": "block/granite_brick4" },
            { "model": "block/granite_brick5" }
        ]
        
    }
}
