{
    "variants": {
        "": [
			{ "model": "block/red_sandstone", "weight": 55 },
            { "model": "block/red_sandstone1", "weight": 20 },
            { "model": "block/red_sandstone2", "weight": 8 },
            { "model": "block/red_sandstone3", "weight": 8 },
            { "model": "block/red_sandstone4", "weight": 8 },
            { "model": "block/red_sandstone5", "weight": 8 },
            { "model": "block/red_sandstone6", "weight": 8 },
	        { "model": "block/red_sandstone8", "weight": 2 }
        ]
    }
}
