{
    "variants": {
        "": [
            { "model": "block/red_mushroom1", "weight": 27 },
            { "model": "block/red_mushroom1", "y": 90 },
            { "model": "block/red_mushroom1", "y": 180 },
            { "model": "block/red_mushroom1", "y": 270 },
			{ "model": "block/red_mushroom2", "weight": 27 },
			{ "model": "block/red_mushroom2", "y": 90 },
            { "model": "block/red_mushroom2", "y": 180 },
            { "model": "block/red_mushroom2", "y": 270 },
            { "model": "block/red_mushroom4", "weight": 27 },
			{ "model": "block/red_mushroom4", "y": 90 },
            { "model": "block/red_mushroom4", "y": 180 },
            { "model": "block/red_mushroom4", "y": 270 },
            { "model": "block/red_mushroom5", "weight": 27 },
			{ "model": "block/red_mushroom5", "y": 90 },
            { "model": "block/red_mushroom5", "y": 180 },
            { "model": "block/red_mushroom5", "y": 270 },
			{ "model": "block/red_mushroom3", "weight": 27 },
			{ "model": "block/red_mushroom3", "y": 90 },
            { "model": "block/red_mushroom3", "y": 180 },
            { "model": "block/red_mushroom3", "y": 270 }      
        ]
    }
}
