{
    "variants": {
        "": [
			{ "model": "block/sandstone", "weight": 55 },
            { "model": "block/sandstone1", "weight": 20 },
            { "model": "block/sandstone2", "weight": 8 },
            { "model": "block/sandstone3", "weight": 8 },
            { "model": "block/sandstone4", "weight": 8 },
            { "model": "block/sandstone5", "weight": 8 },
            { "model": "block/sandstone6", "weight": 8 },
	        { "model": "block/sandstone8", "weight": 2 }
        ]
    }
}
